k,nu,u,c_over_c1,transport_frac,branch_frac,slack,argmin_lift,argmin_offset
15,1,0,1.0,0.0015127265929310552,0.9984874406157835,1.6720871465203402e-07,0,0
15,1,1,0.6984937922930098,0.002030790999083365,0.9979694426655213,2.336646047762514e-07,2,8
15,1,2,1.2906264241038432,0.001151172314148049,0.9988490336094161,2.0592356420046087e-07,1,7
15,2,1,0.9895669708774418,0.0017119379892723842,0.9982882220446736,1.60033946094984e-07,1,11
15,2,2,0.641196213446123,0.0024553328268478287,0.9975448405637555,1.733906032086452e-07,0,4
15,2,4,0.9018210133193827,0.0019822596861552395,0.9980179032311421,1.629172972084092e-07,0,8
15,2,5,0.5900612038217448,0.0026471173190386345,0.9973530757474018,1.9306644039041032e-07,1,19
15,2,7,1.379698312333678,0.00121063667864583,0.99878957981552,2.1649416570568292e-07,2,5
15,2,8,0.48764046715359444,0.0033000480077357837,0.9967000982604349,1.4626817068652542e-07,2,7
15,3,1,0.454159196083059,0.003685180053222729,0.9963149737154552,1.5376867801286664e-07,1,29
15,3,2,1.0913379294490981,0.0018121866154438017,0.9981879607456816,1.4736112530222556e-07,2,58
15,3,4,0.4474487714491785,0.0032889440756639554,0.9967112891094684,2.3318513231451732e-07,0,8
15,3,5,1.3696850229783495,0.0013899239658624258,0.9986102758749855,1.9984084786983658e-07,0,10
15,3,7,0.35701108136166043,0.004274264400053979,0.9957259174665283,1.8186658223839913e-07,2,68
15,3,8,0.6296201622272668,0.002825857131271553,0.9971743325089151,1.8964018666522975e-07,1,43
15,3,10,0.41168584658184326,0.003939064503247478,0.9960611307488823,1.9525212979765172e-07,0,20
15,3,11,0.6910684764708073,0.0028982883243660485,0.9971019002410206,1.885653866384729e-07,2,76
15,3,13,0.5819936264206554,0.0027071959989708,0.9972930133461925,2.093451632045884e-07,2,80
15,3,14,0.9855938438499201,0.002329640110982489,0.9976704850301847,1.2514116720652169e-07,2,1
15,3,16,0.40736960952826456,0.0037251991087415576,0.9962750115418786,2.1065062028036152e-07,2,5
15,3,17,0.6683448960926031,0.0024562299796380294,0.9975439555766421,1.855562801189592e-07,0,34
15,3,19,0.5143371088260343,0.0031503599814948,0.9968498354805735,1.9546206830867163e-07,0,38
15,3,20,0.8010442818595215,0.0022870915912533915,0.9977130861530575,1.7774431082528963e-07,0,40
15,3,22,0.45653096569446416,0.0033163655784961203,0.996683813928913,1.795074093813298e-07,2,17
15,3,23,0.9640023222701435,0.0020529393288250346,0.9979472232517242,1.625805492455612e-07,1,73
15,3,25,0.34000412340475494,0.004646560960468023,0.9953536228679273,1.8382839539476947e-07,2,23
15,3,26,0.7005867348341125,0.002495268229559377,0.9975048628120029,1.3104156226795283e-07,0,52
15,4,1,0.7624129483939512,0.0023390522858322744,0.9976610928327454,1.4511857759913482e-07,2,164
15,4,2,0.34899314557268757,0.003970648477864857,0.9960295581118641,2.0658972887943605e-07,0,4
15,4,4,0.9586244675792023,0.0019824484579587932,0.9980177724814325,2.2093939144873787e-07,0,8
15,4,5,0.31206517106350795,0.004347293492318011,0.9956529078085002,2.0130081823666046e-07,1,91
15,4,7,0.46639364220018786,0.0036412906312694037,0.9963588983469838,1.8897825304620142e-07,1,95
15,4,8,0.3119842295765208,0.005028482856432143,0.9949716791950632,1.620514953337704e-07,0,16
15,4,10,0.9568341824876265,0.002174211239635873,0.9978259543226458,1.6556228166209053e-07,0,20
15,4,11,0.3586720583184938,0.004182746510172641,0.9958174123558596,1.5886603232928564e-07,1,103
15,4,13,0.5590905316297001,0.0029130267104424683,0.9970871953149419,2.220253845219844e-07,1,107
15,4,14,0.26048350855637586,0.005014357522443198,0.9949858183640613,1.758865046941338e-07,0,28
15,4,16,0.5376642602373526,0.0027555975434306263,0.9972445884864181,1.8602984863669292e-07,1,113
15,4,17,0.32379771785669315,0.004267412717696539,0.9957327698087708,1.8252646727390243e-07,0,34
15,4,19,0.776154241391918,0.001984440123442239,0.9980158188166934,2.589401355557186e-07,2,200
15,4,20,0.28686124160106297,0.004976532771857402,0.9950236397767643,1.7254862161308893e-07,2,202
15,4,22,0.5382542626696021,0.002752039713913075,0.9972481202671548,1.5998106794867795e-07,1,125
15,4,23,0.24127691921327687,0.005317856983971951,0.9946822997283744,1.567123462109521e-07,0,46
15,4,25,0.4888739270210872,0.0032509041127937485,0.9967493280803651,2.3219315870015578e-07,2,212
15,4,26,0.5083422304169579,0.0029671523837910625,0.9970329969333798,1.4931717084998297e-07,2,214
15,4,28,1.0430953223962656,0.0015037003862730582,0.9984965032943154,2.0368058839537184e-07,0,56
15,4,29,0.3165371692121018,0.004557248973362853,0.9954429449239159,1.9389727867746842e-07,0,58
15,4,31,0.7775163089942109,0.002179009040141581,0.9978211860340276,1.9507416904041008e-07,0,62
15,4,32,0.3067504191829669,0.004372883692613751,0.9956273243096481,2.0800226185890835e-07,1,145
15,4,34,0.487926260829022,0.0031362562291080546,0.9968639457992737,2.020283818016111e-07,1,149
15,4,35,0.3260584441075839,0.004789178410909708,0.9952110248024203,2.0321332994122088e-07,2,232
15,4,37,1.3999241040511505,0.0013785700571388511,0.9986216298501766,1.9990731536800865e-07,1,155
15,4,38,0.4226213482525219,0.0038333287710741104,0.9961668003636747,1.291347488940886e-07,2,238
15,4,40,0.7431659901946803,0.002551564035075374,0.997448641442227,2.0547730250619622e-07,1,161
15,4,41,0.25863941985019423,0.004934492262317866,0.9950656292966816,1.2155899931087788e-07,1,163
15,4,43,0.4392074137465979,0.003353811797433631,0.9966464151458019,2.2694323553729134e-07,0,86
15,4,44,0.43786245539952584,0.0033031475320803687,0.9966970647967617,2.123288420641245e-07,2,7
15,4,46,0.6729853316605213,0.002373261954538856,0.9976269318155878,1.9377012661081494e-07,0,92
15,4,47,0.3713381963976868,0.003923635940099619,0.9960765248829146,1.6082301423914203e-07,0,94
15,4,49,0.5170355376002704,0.0029453249671894366,0.9970548813836453,2.063508346417109e-07,2,17
15,4,50,0.24363194816185554,0.00532026993388176,0.9946799103019255,1.8023580716786114e-07,2,19
15,4,52,0.5409190054336045,0.0027868385308647916,0.9972133598150212,1.9834588615985638e-07,2,23
15,4,53,0.4231973532181104,0.0033251467419679135,0.9966750319045711,1.786465391173664e-07,2,25
15,4,55,0.6878679119733875,0.0022556657179544554,0.9977445265274243,1.9224537872730707e-07,1,191
15,4,56,0.31774103029465006,0.004468467219697466,0.9955317257027827,1.9292247999125323e-07,2,31
15,4,58,0.7620641318473657,0.0023299312985986358,0.9976702654375087,1.967361074051155e-07,2,35
15,4,59,0.28391465382320685,0.004758330026687355,0.9952418566790443,1.8670573154189185e-07,2,37
15,4,61,0.6040187298545837,0.00246078922671727,0.9975393840241579,1.7325087520170257e-07,1,203
15,4,62,0.3172608247560175,0.004590339910305542,0.9954098786160743,2.1852637988040158e-07,0,124
15,4,64,1.0433789103551219,0.0017421375792564516,0.9982580536311109,1.9121036731739594e-07,0,128
15,4,65,0.37134588757237974,0.00411914523385382,0.995881038460242,1.8369409571228346e-07,1,211
15,4,67,0.6720298962957799,0.0025766683975725424,0.9974234824638714,1.5086144400378032e-07,1,215
15,4,68,0.24868033982818777,0.005123142943751311,0.994877033441779,1.7638553018173297e-07,1,217
15,4,70,0.5079676071007719,0.002839015303366321,0.9971611964957455,2.117991118044671e-07,0,140
15,4,71,0.3183080264895856,0.004290674396960199,0.9957095339241204,2.0832108060808707e-07,0,142
15,4,73,0.7693125650033296,0.0020713227296731357,0.9979288158603371,1.38590010356765e-07,1,227
15,4,74,0.30669075493415565,0.004993743982916882,0.9950064680066742,2.119895912144898e-07,1,229
15,4,76,0.482037217622517,0.0031347918242718023,0.9968653928391104,1.846633821411814e-07,1,233
15,4,77,0.23674538933182568,0.005548578139376294,0.9944516444475016,2.2258687781828712e-07,1,235
15,4,79,0.5076301949933987,0.0031250305944405315,0.9968751326707626,1.6326520313469928e-07,1,239
15,4,80,0.4060326423602945,0.003434192107005934,0.9965660205299944,2.1263700022977616e-07,2,79
16,1,0,1.0,0.0009902386813813316,0.9990099931537767,2.31835157959992e-07,1,3
16,1,1,1.303183988777732,0.0007766096174977535,0.9992235648111375,1.7442863531336172e-07,0,2
16,1,2,0.696590835342634,0.0014426477006544436,0.9985575037736867,1.514743410702124e-07,1,7
16,2,1,0.6384260062691771,0.001492031499857876,0.9985081726210441,2.0412090195875976e-07,0,2
16,2,2,0.9079800928434906,0.0011172467092625306,0.9988829417716533,1.884809157637335e-07,0,4
16,2,4,0.48501900889655203,0.0019683908420209677,0.9980318224775846,2.133196055353892e-07,2,26
16,2,5,0.9918130322204898,0.0010616536018714586,0.9989385164637153,1.700655869463219e-07,2,1
16,2,7,0.5844566244460468,0.0016475385304031108,0.998352695108904,2.3363930723441229e-07,0,14
16,2,8,1.388769537437277,0.0006995812311982254,0.999300612328523,1.9355972113999087e-07,2,7
16,3,1,1.0894768581440228,0.0011083796829581573,0.9988918093477173,1.8903067533493356e-07,1,29
16,3,2,0.444498313369326,0.002318624695805943,0.997681535974214,1.6067001995523356e-07,0,4
16,3,4,0.6324101729073702,0.0020163961073987407,0.9979837529091273,1.4901652600762816e-07,2,62
16,3,5,0.40685925918679733,0.0027692901302125345,0.9972308695624648,1.5969267730397974e-07,0,10
16,3,7,0.9858852179299642,0.0011664803682157354,0.9988336609574664,1.413256820459452e-07,2,68
16,3,8,0.4046007939305508,0.002801795010663016,0.9971983643185934,1.5932925645500973e-07,2,70
16,3,10,0.7929775845772501,0.0014119962135032969,0.9985881505345188,1.467480221784001e-07,1,47
16,3,11,0.4572999866086529,0.0023850107696539607,0.9976151203056604,1.3107531438016906e-07,2,76
16,3,13,0.6960256189395214,0.001746844862869943,0.9982533662163408,2.1107921077678782e-07,1,53
16,3,14,0.44977424769890856,0.0023196795970039257,0.9976805268588479,2.064558517478332e-07,2,1
16,3,16,1.3729715869391101,0.000800280611021454,0.9991998493130396,1.2992406106526744e-07,0,32
16,3,17,0.3593880040002077,0.002950281252430468,0.9970498416077314,1.2286016182194714e-07,1,61
16,3,19,0.6908384373027887,0.00162789494517159,0.998372251897424,1.4684259563857438e-07,1,65
16,3,20,0.5793716704890085,0.0018659126729322034,0.9981342089126526,1.2158558493347016e-07,1,67
16,3,22,0.6662286831098585,0.0020649540515253347,0.9979352390765371,1.9312806265325833e-07,1,71
16,3,23,0.5091754486610613,0.002130713598384099,0.9978694108189161,1.2441730024015385e-07,1,73
16,3,25,0.9676855569848587,0.0011921138220430197,0.9988080865721242,2.003941672601428e-07,0,50
16,3,26,0.337528984512446,0.003214633499784518,0.9967854961113713,1.296111560300517e-07,2,25
16,4,1,0.3482101048548187,0.003169099122760117,0.9968311406296309,2.3975239082929534e-07,0,2
16,4,2,0.958949805532244,0.0015168527750075084,0.9984833166015097,1.6937651725612568e-07,0,4
16,4,4,0.30922170900895707,0.003253002345167972,0.9967472113009573,2.1364612523555593e-07,0,8
16,4,5,0.9565811829110267,0.0013857422015819212,0.9986144292464505,1.7144803243773765e-07,0,10
16,4,7,0.25862699145796414,0.004008487942499036,0.9959916543902614,1.4233276046660137e-07,0,14
16,4,8,0.5347506878441743,0.002189443368575538,0.9978107037646378,1.4713321339066e-07,2,178
16,4,10,0.28290970223795636,0.0038302453056654256,0.9961698985732356,1.4387890079348153e-07,1,101
16,4,11,0.5399465924902301,0.00253845080581681,0.9974617098470044,1.6065282126831448e-07,0,22
16,4,13,0.5121387273976193,0.002027761824710149,0.9979724465722747,2.0839698477992386e-07,1,107
16,4,14,1.0444127171669457,0.0015377567957887447,0.9984623655731025,1.223688914642196e-07,0,28
16,4,16,0.3069154534693469,0.00345061296956348,0.9965495236859534,1.366555169024508e-07,2,194
16,4,17,0.4869233466394937,0.0022405273178309083,0.9977596555855162,1.8290334691251076e-07,2,196
16,4,19,0.4232205710950049,0.0025387658292277755,0.9974614191429307,1.8497215847901316e-07,1,119
16,4,20,0.7357019926675106,0.0016516971653286834,0.9983484935844463,1.9074977508637403e-07,2,202
16,4,22,0.43674686136629054,0.0024129200338457017,0.9975872319162252,1.5195007097013047e-07,2,206
16,4,23,0.6739446542459153,0.0022672830892985375,0.9977328640995604,1.4718885887887723e-07,1,127
16,4,25,0.2434156311437045,0.004454150533340117,0.9955460693219321,2.198552722099123e-07,0,50
16,4,26,0.5473528947297659,0.002309467777925126,0.9976907007652528,1.685431778586377e-07,2,214
16,4,28,0.31530719952551023,0.003575339917979204,0.9964248311432359,1.710612149707913e-07,2,218
16,4,29,0.7588298138111227,0.0017049426032611592,0.9982951876429018,1.3024616296597458e-07,2,220
16,4,31,0.3132499840486173,0.0031555914764130467,0.9968445304261945,1.2190260756383964e-07,1,143
16,4,32,1.043214361148486,0.00123604752718545,0.9987641064664146,1.539936000938269e-07,1,145
16,4,34,0.24985518676089163,0.004193784189252738,0.9958063762021195,1.6039137218371025e-07,0,68
16,4,35,0.5081957193683463,0.002540141487618793,0.9974600371327287,1.7862034740190325e-07,0,70
16,4,37,0.30737890661559947,0.003432226053080884,0.9965679337707605,1.59823841272555e-07,0,74
16,4,38,0.48092451866769914,0.002726449903327434,0.9972737212278644,1.711311918839442e-07,0,76
16,4,40,0.40323119227238186,0.002652066828626566,0.9973481230563027,1.8988492933580403e-07,2,242
16,4,41,0.7576915986928617,0.0020199182462901605,0.997980263919437,1.8216572716944768e-07,1,163
16,4,43,0.31310670097836546,0.0031934591924993967,0.9968067083228183,1.6751531761727279e-07,2,5
16,4,44,0.46358951928593006,0.0025008989995631706,0.997499269099049,1.6809861214106547e-07,2,7
16,4,46,0.3542820005440762,0.0031708873039658705,0.9968292846785612,1.7198252710848294e-07,2,11
16,4,47,0.5521476693175124,0.0022769505235863225,0.9977232119896013,1.625131877958097e-07,2,13
16,4,49,0.32092596163277615,0.003091991423881051,0.996908211005986,2.0242986709106958e-07,0,98
16,4,50,0.7793604612026492,0.001754250516840444,0.9982459278501922,1.7836703247731123e-07,1,181
16,4,52,0.23911661302056275,0.004513821718438285,0.9954863560414666,1.7775990501789352e-07,0,104
16,4,53,0.48447785693775075,0.002355851338817404,0.9976442670707228,1.1840954017294791e-07,1,187
16,4,55,0.312891672892,0.0037737223643532027,0.9962264184327709,1.407971241818018e-07,0,110
16,4,56,0.7768266906428694,0.0019506824780419567,0.9980495101814698,1.926595116774621e-07,0,112
16,4,58,0.32134994356200686,0.003010062507738219,0.9969901091373249,1.7164506305178406e-07,1,197
16,4,59,1.4322774952555495,0.0009217078103044403,0.9990784576384913,1.6544879577473637e-07,2,37
16,4,61,0.2566634464561499,0.003939381597250576,0.9960608243026552,2.0589990579189532e-07,0,122
16,4,62,0.4400785918329546,0.0027607757755435665,0.9972393894452221,1.6522076551339637e-07,1,205
16,4,64,0.37122686326211446,0.0031178482578225176,0.9968823196823475,1.6794016999277517e-07,1,209
16,4,65,0.5201769426658732,0.002851590766534971,0.9971485787363236,1.6950285863792658e-07,2,49
16,4,67,0.4230834435796034,0.0026994645888697897,0.9973006789577077,1.4354657751347588e-07,2,53
16,4,68,0.6866373898498781,0.0025277416651086244,0.9974724481645337,1.8982964244962375e-07,2,55
16,4,70,0.2813301073802436,0.0038232695119123877,0.9961769292291706,1.987410829240588e-07,2,59
16,4,71,0.6036519112120877,0.0018232761759398506,0.9981769037057487,1.7988168843352526e-07,0,142
16,4,73,0.3678163714038795,0.002935680103123066,0.9970645006203821,1.8072350527198466e-07,0,146
16,4,74,0.6690757706849751,0.001971105574888004,0.9980291040846441,2.0965953195783982e-07,0,148
16,4,76,0.3181062012279023,0.0034224879309508746,0.9965776706216729,1.5855262369690593e-07,1,233
16,4,77,0.7680888581790919,0.0016844615597169344,0.9983156725100418,1.3406975885033035e-07,0,154
16,4,79,0.2345960561157977,0.004723382415757298,0.9952767854813684,1.6789712575793203e-07,0,158
16,4,80,0.5098191049310644,0.0022549686025440715,0.9977451899380572,1.5854060131381686e-07,0,160
17,1,0,1.0,0.0006581390947262176,0.9993419968444983,1.3593922454369078e-07,0,0
17,1,1,0.6947502040914935,0.0009385567182830787,0.9990616544427128,2.1116099579998604e-07,0,2
17,1,2,1.3094770828761488,0.0005051827284973035,0.9994948995013948,8.222989200667996e-08,0,4
17,2,1,0.9098986668130863,0.000752035710558766,0.9992481211280005,1.5683855925097134e-07,0,2
17,2,2,0.4825424419221451,0.0013921740431020854,0.998607963012933,1.3705603496561025e-07,1,13
17,2,4,1.3991510584944469,0.0005126026500337151,0.9994874793615812,8.20116150546113e-08,2,26
17,2,5,0.6349905104950143,0.0010771206426982939,0.9989230459349789,1.6657767720751337e-07,0,10
17,2,7,0.9944613845024063,0.0006735562735094946,0.9993266007844306,1.570579399867711e-07,2,5
17,2,8,0.5840623899878508,0.0011341714247026628,0.9988659936747051,1.6509940792275302e-07,1,25
17,3,1,0.440974840773621,0.0014277152662317417,0.9985724670391485,1.8230538012531383e-07,0,2
17,3,2,0.6320929016482444,0.0010811056217057211,0.998919065937613,1.7155931875123542e-07,1,31
17,3,4,0.40275068857836505,0.0016501066162156004,0.9983500406061586,1.472223742915446e-07,1,35
17,3,5,0.7921365868940436,0.000914377807049699,0.9990857213310923,9.913814191797599e-08,2,64
17,3,7,0.4489978065992686,0.001402764875165346,0.9985974236548847,1.885300500159559e-07,0,14
17,3,8,1.3759590406218694,0.00050482817047344,0.9994953780463239,2.062167974159479e-07,1,43
17,3,10,0.5815597718486216,0.0011552876349637882,0.9988448347623349,1.2239729874075067e-07,0,20
17,3,11,0.6642623211269063,0.001030962444324931,0.9989691809254716,1.433697964792202e-07,0,22
17,3,13,0.33500021573515076,0.0018701628571407471,0.9981300315358965,1.9439303722279533e-07,2,80
17,3,14,1.1019974882939643,0.0006741303613407398,0.999326029407142,1.5976848266596733e-07,2,1
17,3,16,0.4055841861089351,0.0016260102598531915,0.9983742024809357,2.1274078876309943e-07,0,32
17,3,17,0.9832209964314713,0.0006492520111687464,0.9993510047231111,2.567342798354133e-07,1,61
17,3,19,0.4523284619039364,0.0014348900733593677,0.9985652480140379,1.3808739729448405e-07,1,65
17,3,20,0.6955044466964768,0.0009601394700716545,0.9990399584382238,9.790829569311654e-08,2,13
17,3,22,0.35731706089663484,0.0018162524224578584,0.9981838991800168,1.5160247479606426e-07,0,44
17,3,23,0.6908916056677148,0.0010486909549936307,0.9989514648605127,1.5581550627530305e-07,0,46
17,3,25,0.5070956610247199,0.0012743024027112764,0.9987258482129217,1.5061563285456714e-07,0,50
17,3,26,0.9722019943643666,0.0007250294376827735,0.9992751408435102,1.7028119292383792e-07,1,79
17,4,1,0.9643331911347397,0.0008444585384312959,0.9991556512308213,1.0976925257644154e-07,0,2
17,4,2,0.3061314465791107,0.0023014994020801307,0.9976986434233883,1.4282546834110121e-07,0,4
17,4,4,0.5351023111866348,0.00177702959390841,0.9982231755912967,2.051852050488634e-07,1,89
17,4,5,0.2815068117150665,0.0027834898969705886,0.9972166548147108,1.4471168130469891e-07,2,172
17,4,7,1.0512845382666574,0.000739927929759333,0.999260296676896,2.2460665527468393e-07,0,14
17,4,8,0.3039676766635126,0.002462042624094387,0.9975381600367681,2.0266086253606375e-07,1,97
17,4,10,0.7333602923030336,0.0010410334302908327,0.9989590554243633,8.885465385688462e-08,1,101
17,4,11,0.4356792473922678,0.001657462067102942,0.9983426909388248,1.5300592770550736e-07,1,103
17,4,13,0.5429718900196487,0.0015259965589302172,0.9984741681001276,1.6465905772200529e-07,1,107
17,4,14,0.3117089016990203,0.002317963751322153,0.9976821520598163,1.158111382348892e-07,1,109
17,4,16,1.04916623603451,0.0007031715923103473,0.9992970471653371,2.1875764733003678e-07,2,194
17,4,17,0.2479584184575345,0.002882918371265787,0.9971171923493868,1.1072065264627895e-07,0,34
17,4,19,0.47980950640252673,0.0017650549924702055,0.9982350777246699,1.3271714016660496e-07,0,38
17,4,20,0.40383776516503694,0.0017538363649920387,0.9982462654510866,1.0181607867920661e-07,1,121
17,4,22,0.46132421668889717,0.001984787532837658,0.9980153859780766,1.7351091408102093e-07,2,206
17,4,23,0.3520875989336036,0.002073010291888869,0.9979270988604887,1.0915237758091223e-07,2,208
17,4,25,0.7805805274063906,0.0010376172174030222,0.9989625164421018,1.3365950479737876e-07,0,50
17,4,26,0.23711464915478025,0.0030133458662313013,0.9969867959596754,1.4182590679645557e-07,1,133
17,4,28,0.7738721832857292,0.001025083337767136,0.9989750642603811,1.4759814837006502e-07,1,137
17,4,29,0.32008038618441315,0.002132055799704889,0.9978681173610978,1.7316080258567013e-07,0,58
17,4,31,0.4389608214339393,0.0019555714885851057,0.9980445558066616,1.2729524678789517e-07,0,62
17,4,32,0.36920013572994187,0.0021750067999414227,0.9978251013985516,1.0819849305399032e-07,0,64
17,4,34,0.6830991452080262,0.0011398543236790875,0.9988602719844994,1.2630817858294563e-07,2,230
17,4,35,0.27953337994283906,0.00288243312675222,0.9971177159435284,1.4907028056398985e-07,0,70
17,4,37,0.6666413596349877,0.0011298409770154909,0.9988702812043163,1.2218133171870704e-07,1,155
17,4,38,0.31401103307159167,0.002410191285459573,0.9975899306047643,1.2189022391417836e-07,0,76
17,4,40,0.5071333046921394,0.0015950621268209226,0.9984050463352679,1.0846208886583497e-07,1,161
17,4,41,0.3458058742161053,0.0020413946760498504,0.9979587830040716,1.776801215047641e-07,0,82
17,4,43,0.9560945452626127,0.000789409617436172,0.9992107040952668,1.1371270303150993e-07,0,86
17,4,44,0.255907690437753,0.0027152917079342072,0.9972848879479703,1.7965590459745329e-07,0,88
17,4,46,0.539740847927224,0.001394994850222759,0.998605188898923,1.837491458989149e-07,0,92
17,4,47,0.5119410617389775,0.0015549225238560324,0.9984452496540954,1.7217795145185733e-07,2,13
17,4,49,0.4842831896694659,0.001973817017107581,0.9980263358336352,1.528507427295267e-07,1,179
17,4,50,0.4242462960427933,0.0017775385015495683,0.9982226498021265,1.8830367598532405e-07,2,19
17,4,52,0.6753923472173126,0.0011620775266497916,0.998838100989589,1.7851623890230428e-07,2,23
17,4,53,0.24122688963761083,0.0030940704925119305,0.9969060859312716,1.5642378348168506e-07,0,106
17,4,55,0.7656007469739449,0.001183420114562334,0.998816747744547,1.678591092790782e-07,1,191
17,4,56,0.3130107623765051,0.0023566604408314373,0.9976434925049584,1.5294578981084328e-07,2,31
17,4,58,0.5060746035090232,0.001689813171284268,0.9983102925841834,1.0575546771640632e-07,0,116
17,4,59,0.30396102140965026,0.0024356083104683734,0.9975645550695241,1.6337999264592895e-07,0,118
17,4,61,0.7627809377285408,0.0009984677454571893,0.9990016399001085,1.0764556579445639e-07,0,122
17,4,62,0.31138946936246553,0.0024543304065746977,0.9975458492883029,1.7969487764446512e-07,2,43
17,4,64,0.5501959246370577,0.0013424808823921945,0.9986576481377852,1.2902017743066097e-07,2,47
17,4,65,0.31720303775294434,0.002410253154158629,0.9975898750146491,1.2816880778920847e-07,1,211
17,4,67,0.48305581467449304,0.001692210150750629,0.9983079814270929,1.915778435890303e-07,0,134
17,4,68,0.3124890202499318,0.002208771229797378,0.9977914077841328,1.7901393012387246e-07,1,217
17,4,70,1.4420187402955968,0.0005028359554096668,0.9994973711769063,2.0713231596580783e-07,2,59
17,4,71,0.2558493370146375,0.0027530947603735057,0.9972470680473705,1.6280774395305286e-07,1,223
17,4,73,0.5185201658053838,0.0015881825894667732,0.9984119768391368,1.5942860365214528e-07,2,65
17,4,74,0.4229885977682456,0.001758638841366658,0.9982414634346568,1.0227602342816056e-07,2,67
17,4,76,0.6026824204033191,0.0018196214415681052,0.9981805032916439,1.247332119813649e-07,1,233
17,4,77,0.3665546837181352,0.002018296737002169,0.9979818103538908,1.0709089304228314e-07,1,235
17,4,79,0.7720196430453681,0.001011078048320739,0.9989891480483482,2.2609666872064338e-07,1,239
17,4,80,0.232459207939118,0.0034012172921686107,0.9965989003454984,1.1763766694095068e-07,1,241
18,1,0,1.0,0.0004514907499279008,0.999548647821428,1.3857135594541603e-07,1,3
18,1,1,1.3083086208432,0.000354853058603621,0.9996452737634495,1.2682205308145456e-07,1,5
18,1,2,0.6930151190092075,0.0006410618810159276,0.9993590744764814,1.3635749729346003e-07,0,4
18,2,1,0.48017886768092705,0.0009136386786142681,0.9990864971561161,1.3583473035261306e-07,2,20
18,2,2,1.4009619151706496,0.00032329590135548344,0.999676840054057,1.3595541248356824e-07,1,13
18,2,4,0.5806847522914408,0.0007564970787845693,0.9992436378654358,1.3494422024251662e-07,0,8
18,2,5,0.9067653027170854,0.0004886231871296671,0.9995115127861729,1.3597330239534244e-07,0,10
18,2,7,0.6353997197330437,0.0006947456905565866,0.9993053908597831,1.3655033970216834e-07,1,23
18,2,8,0.993250135977293,0.00044049656735442263,0.9995596403452387,1.3691259304060566e-07,2,7
18,3,1,0.6283787179057034,0.0007728946969543406,0.9992272416861004,1.363830548495315e-07,2,56
18,3,2,0.4002428191797437,0.0010997844558361335,0.9989003493863132,1.3384214936351668e-07,2,58
18,3,4,1.387575281957808,0.00036545958717735936,0.9996346742873096,1.3387448682955494e-07,2,62
18,3,5,0.5763705439284247,0.0008065464274968541,0.9991935878106853,1.3423818212565664e-07,0,10
18,3,7,1.1106764437833956,0.0004224570752316387,0.999577678154815,1.3523004649407255e-07,2,68
18,3,8,0.4023005141737937,0.0011318745266318093,0.9988682601726309,1.3469926263276477e-07,1,43
18,3,10,0.693003805948535,0.0006874917800138795,0.9993126411083757,1.3288838962566274e-07,2,74
18,3,11,0.3533712504809512,0.0013019144460210534,0.9986982208298342,1.35275855184247e-07,1,49
18,3,13,0.9710123048433601,0.00048627013568185916,0.999513862157702,1.322933838032725e-07,0,26
18,3,14,0.4402344478575519,0.001064111713810191,0.9989360197242927,1.3143810284610424e-07,0,28
18,3,16,0.7953738348866884,0.0005542290395162917,0.9994459078055294,1.3684504573951983e-07,1,59
18,3,17,0.44608198164569357,0.0009765868518567984,0.9990235470128516,1.3386470842924325e-07,1,61
18,3,19,0.6636470023736895,0.0006792763424016391,0.9993208566102061,1.3295260781198692e-07,0,38
18,3,20,0.33261735524814084,0.0013578450646528793,0.9986422890157548,1.3408040766549334e-07,1,67
18,3,22,0.9832081137840553,0.0005019856421368485,0.9994981495747859,1.3521692276974306e-07,0,44
18,3,23,0.45237898575157753,0.0010146160219375,0.998985518433859,1.344557962745796e-07,0,46
18,3,25,0.6883449311717755,0.0006789310282515186,0.9993212033734897,1.3440174129186744e-07,1,77
18,3,26,0.5099716994265197,0.000898114080818714,0.9991020181541785,1.3223499739645206e-07,1,79
18,4,1,0.3049021377032414,0.0013711143837467773,0.9986290205751145,1.3495886119763156e-07,0,2
18,4,2,0.5330578182248815,0.0008713979263107448,0.9991287350749815,1.3300129220183976e-07,2,166
18,4,4,0.30237461238776403,0.0014703373903686965,0.9985297983922801,1.3578264868030487e-07,2,170
18,4,5,0.7375761924894253,0.0006462022529652718,0.9993539343352437,1.365882089654491e-07,2,172
18,4,7,0.31065070957061547,0.0013570284908419,0.9986431026187707,1.311096125000688e-07,2,176
18,4,8,1.0465347132877645,0.00044060331915036794,0.9995595280356019,1.313547521863967e-07,1,97
18,4,10,0.39929161418980624,0.0011650573085897724,0.9988350732321755,1.3054076530849557e-07,2,182
18,4,11,0.45981259387972845,0.0009897225343622185,0.9990104150020502,1.37536412481154e-07,1,103
18,4,13,0.2334642407404643,0.0017677614745211187,0.9982323739181257,1.353926468716793e-07,2,188
18,4,14,0.769849604883868,0.0006433118950854938,0.9993568252617017,1.3715678726100577e-07,2,190
18,4,16,0.3693868284346723,0.0012066592678369485,0.9987934748946473,1.3416248423325783e-07,0,32
18,4,17,0.6813436640488134,0.0006418879692066637,0.999358244335094,1.3230430062627363e-07,1,115
18,4,19,0.3133288527812628,0.0014084360190195033,0.9985917000008131,1.360198325084383e-07,1,119
18,4,20,0.5056761859148529,0.0008758667524846013,0.9991242693136775,1.360661621152559e-07,2,202
18,4,22,0.2562916994178905,0.0017321989857587978,0.9982679393512446,1.383370031859954e-07,1,125
18,4,23,0.5370148947927368,0.0009697392066360497,0.9990303989038695,1.381105056985632e-07,1,127
18,4,25,0.4204299110323247,0.001018545900693288,0.9989815895084033,1.3540909660214595e-07,2,212
18,4,26,0.6729027892455361,0.0006883597474728609,0.9993117748826584,1.346301312654674e-07,2,214
18,4,28,0.31060913186611355,0.00137181171162631,0.998628324032526,1.357441523630598e-07,2,218
18,4,29,0.5022809060216757,0.0009002799744400342,0.9990998522884219,1.322628619959687e-07,1,139
18,4,31,0.31096171093155267,0.0014800240979185144,0.9985201090946729,1.3319259140054385e-07,2,224
18,4,32,0.551149436346034,0.0009650278161740998,0.9990351043187331,1.3213490723806842e-07,2,226
18,4,34,0.30897915381489277,0.0013500664405135246,0.9986500690079395,1.354484531201905e-07,0,68
18,4,35,1.4477345538010609,0.0003266770616591563,0.9996734574818995,1.345435587385424e-07,2,232
18,4,37,0.42068362452747166,0.0011183339826810617,0.9988818023078062,1.3629048734031812e-07,2,236
18,4,38,0.5996253779739056,0.0007497125108470547,0.9992504238572557,1.3636810280992506e-07,0,76
18,4,40,0.23029983795960582,0.0018315549851532125,0.9981685816201114,1.366052646556426e-07,0,80
18,4,41,0.9616131513230093,0.0005321418791196799,0.9994679979581692,1.398372888594679e-07,0,82
18,4,43,0.27861056074398255,0.0016175703904619451,0.9983825628490004,1.3323946235210826e-07,1,167
18,4,44,1.0476962047408238,0.00040988509666351587,0.9995902467281712,1.318248346038331e-07,0,88
18,4,46,0.4318181769028046,0.0010484839836095218,0.9989516516150154,1.3559862499512576e-07,2,11
18,4,47,0.5398221314019965,0.0008210914400310076,0.9991790434180032,1.3485803429524879e-07,2,13
18,4,49,0.24468326272134705,0.0017918101605395277,0.9982083262819799,1.3644251950495345e-07,0,98
18,4,50,0.47692489679378763,0.001007549858888237,0.9989925842413075,1.3410019583659505e-07,0,100
18,4,52,0.3532601796851397,0.00127775760373892,0.9987223809561918,1.3855993086231422e-07,1,185
18,4,53,0.7781226430515782,0.000600983643145555,0.9993991520967805,1.3573992618809427e-07,0,106
18,4,55,0.32016826431980894,0.0013295423693893216,0.998670594194134,1.3656352315649656e-07,0,110
18,4,56,0.43533592412765004,0.0010439276562314742,0.998956208717937,1.363741684023978e-07,0,112
18,4,58,0.27719442242621056,0.001617978112737458,0.9983821565908675,1.3470360493705869e-07,1,197
18,4,59,0.6626741162890597,0.000746829334467637,0.9992533053749558,1.3470942339388614e-07,2,37
18,4,61,0.3433014838309852,0.0012501387906066548,0.998749995586897,1.3437750356892764e-07,1,203
18,4,62,0.9616934104804283,0.0005068546240213855,0.9994932804879844,1.3511200580573757e-07,1,205
18,4,64,0.5059290212814123,0.0008895249160609015,0.9991106052807927,1.3019685352055888e-07,2,47
18,4,65,0.48599619670759314,0.0009710146401841186,0.9990291186807225,1.3332090653683792e-07,0,130
18,4,67,0.23930539545762933,0.0017851695784861792,0.998214966963881,1.3654236741267312e-07,0,134
18,4,68,0.7697379230588852,0.0006448995589117376,0.9993552375949452,1.3715385693835458e-07,0,136
18,4,70,0.3015520231628907,0.0014467304026270931,0.9985534053687866,1.3577141366738488e-07,1,221
18,4,71,0.7571318424215168,0.0005674715346349308,0.9994326633552157,1.3488985062259928e-07,1,223
18,4,73,0.3170236688286077,0.0013886107152838994,0.9986115258268434,1.365421273824552e-07,0,146
18,4,74,0.4801487187884293,0.0009963886006090128,0.9990037457778297,1.3437843859875898e-07,1,229
18,4,76,0.253753684023828,0.0016593432001219988,0.99834079229811,1.35498231967901e-07,0,152
18,4,77,0.5157925461785857,0.0010254873868911333,0.998974647721838,1.351087290935027e-07,2,73
18,4,79,0.3663263905020884,0.0012339089079108877,0.9987662280696711,1.3697758194375353e-07,0,158
18,4,80,0.7691470890877237,0.0006539074260474718,0.9993462281552724,1.3558131994884093e-07,0,160
19,1,0,1.0,0.00029919427787147656,0.9997009436453429,1.37923214404978e-07,0,0
19,1,1,0.6913948648381374,0.0004283645702935034,0.9995717668382134,1.31408506964803e-07,1,5
19,1,2,1.3165942232194265,0.00023660975367613714,0.9997635189253781,1.2867905430091753e-07,2,1
19,2,1,1.4009687324067273,0.00022736329980424711,0.9997727739050903,1.372048945569304e-07,2,20
19,2,2,0.5832165596109078,0.0005230451516188418,0.9994770906307959,1.357824148673359e-07,0,4
19,2,4,0.9970492607205308,0.0003292311137654191,0.9996709027651215,1.3387888686544613e-07,2,26
19,2,5,0.4779650906689132,0.0006542521322239196,0.9993458821373432,1.3426956724238437e-07,1,19
19,2,7,0.9103434634809535,0.00033951703672381627,0.9996606204492969,1.374860207903339e-07,1,23
19,2,8,0.6347856248141243,0.00045879719377171205,0.9995413414987684,1.3869253989717834e-07,0,16
19,3,1,0.3979287105259044,0.0007378572251333078,0.9992622813359678,1.3856110103738217e-07,1,29
19,3,2,1.3868900881089463,0.0002229422246471446,0.999777183864579,1.2608922617118878e-07,1,31
19,3,4,0.4031426424932467,0.0007505336747918457,0.9992496060152359,1.3969002776725858e-07,2,62
19,3,5,0.6955269212941353,0.00042047016143088975,0.9995796625531964,1.3271462728781103e-07,1,37
19,3,7,0.43881745292467084,0.0006806991842467849,0.9993194319982791,1.3118252595312185e-07,1,41
19,3,8,0.7981719783295285,0.0003740933247577617,0.9996260422255601,1.355503178590567e-07,0,16
19,3,10,0.3303452396078594,0.0008746978642800506,0.9991254330539311,1.3091821116084645e-07,0,20
19,3,11,0.9889552961706465,0.0003038724359542862,0.9996962608186634,1.332546175625282e-07,1,49
19,3,13,0.5102237391526449,0.0005737804523544282,0.9994263473731292,1.2782548353129641e-07,0,26
19,3,14,0.6293814086038433,0.0004980154866334887,0.9995021214323834,1.3691901701307074e-07,1,55
19,3,16,0.5770480349077487,0.0005047830801183865,0.9994953562410729,1.3932119125037445e-07,0,32
19,3,17,1.1116936077620891,0.0002655468577223871,0.9997345892874245,1.3614514693394142e-07,1,61
19,3,19,0.3565662229480927,0.0008227970076069919,0.999177337622513,1.3463012016323717e-07,2,11
19,3,20,0.9686921846103475,0.0003311022634566084,0.9996690355410626,1.378045191291477e-07,0,40
19,3,22,0.44754007604737533,0.0006568571881008482,0.9993432727743814,1.2996248233143604e-07,0,44
19,3,23,0.6625216341876902,0.0004594002918069501,0.9995407313702496,1.3166205636849782e-07,1,73
19,3,25,0.45313892822505053,0.0006685390723344449,0.9993315914661152,1.305384496053108e-07,1,77
19,3,26,0.6893340238347384,0.0004381943826416654,0.9995619407613979,1.351440397368009e-07,0,52
19,4,1,0.5325138596324579,0.0006288015345683704,0.9993713307356458,1.3227021411488238e-07,1,83
19,4,2,0.30094169068823845,0.0009644807198419368,0.9990356530237646,1.3374360663398477e-07,1,85
19,4,4,1.0629479101408563,0.00032036736784349926,0.9996797660929133,1.3346075666831325e-07,2,170
19,4,5,0.39888600075798103,0.0007872189454147902,0.9992129137311414,1.326765561859844e-07,1,91
19,4,7,0.770562436535214,0.0004260398357569237,0.9995740961767211,1.3601247794703397e-07,1,95
19,4,8,0.3667910193206779,0.0008314731825053892,0.9991686559167037,1.2909920910075812e-07,0,16
19,4,10,0.5016600748329558,0.0006338407182208759,0.9993662912699743,1.319881952621671e-07,1,101
19,4,11,0.2546713147197117,0.001223022183188821,0.9987771165816759,1.3876486470998373e-07,2,184
19,4,13,0.6697274252409438,0.00046514154154144084,0.9995349964632155,1.3800475673342305e-07,1,107
19,4,14,0.31135171663743183,0.001000001463960889,0.9990001327807537,1.3424471445588892e-07,1,109
19,4,16,0.5518106602108508,0.000540346726780247,0.9994597898148576,1.3654163777410133e-07,1,113
19,4,17,0.3093162042885245,0.0009362849864619638,0.9990638471473039,1.321337659287991e-07,0,34
19,4,19,0.6031725500468579,0.0004961251213009613,0.9995040183845606,1.4350586141631538e-07,0,38
19,4,20,0.2282675169221787,0.0013008172858564634,0.9986993220421706,1.3932802689353707e-07,0,40
19,4,22,1.0553070579051982,0.0003223742752716861,0.9996777657531154,1.4002838710780452e-07,1,125
19,4,23,0.4326687437695968,0.0007261687025105469,0.9992739651701413,1.3387265207498444e-07,2,208
19,4,25,0.47653573536633836,0.0006603947213687896,0.9993397356260831,1.303474519431802e-07,1,131
19,4,26,0.352669175942265,0.000872788709176471,0.9991273470390056,1.357481822505946e-07,0,52
19,4,28,0.43506453035239173,0.0007959308657737975,0.9992042049973526,1.358631263048693e-07,1,137
19,4,29,0.2750051435779568,0.0010815579549764529,0.9989185784873638,1.3644234009291267e-07,0,58
19,4,31,0.9589618127663251,0.000387349408422492,0.999612787574188,1.3698261058792127e-07,0,62
19,4,32,0.5068904635221818,0.000618583543147492,0.9993815524087716,1.3595191905579895e-07,2,226
19,4,34,0.7686451201044466,0.0004157854511414291,0.9995843447901338,1.3024127532013097e-07,1,149
19,4,35,0.3014842484115935,0.0009940375716540606,0.9990060990923777,1.3666403164691587e-07,0,70
19,4,37,0.480825402187237,0.00066477156101561,0.9993353638328332,1.3539384879912575e-07,0,74
19,4,38,0.25301293381845513,0.0012110441560674793,0.9987890889807942,1.3313686175742134e-07,1,157
19,4,40,0.7768508356175178,0.00042229167566418664,0.9995778416947632,1.3337042736871751e-07,1,161
19,4,41,0.3032803497689672,0.0010760904192611935,0.998924043737605,1.3415686606066402e-07,0,82
19,4,43,0.7451635214104507,0.00039168340104474584,0.9996084509040555,1.343051001523321e-07,1,167
19,4,44,0.3096890075444876,0.0009371311760031153,0.9990629991121399,1.302881431630709e-07,1,169
19,4,46,0.45799064628347536,0.0006672474208051983,0.9993328853898586,1.3281066379988715e-07,2,11
19,4,47,0.23379655377094355,0.0013948566198471784,0.9986052802770713,1.368969184678548e-07,1,175
19,4,49,0.6837554104459456,0.0004963181787989078,0.9995038213539693,1.395327682285341e-07,1,179
19,4,50,0.31318217614425276,0.0009708647483345614,0.999029270312573,1.350609075689846e-07,2,19
19,4,52,0.537814108843697,0.0005687562464282123,0.9994313788736021,1.3512003049775956e-07,0,104
19,4,53,0.4203752224531815,0.0007569809920297303,0.9992431565657068,1.3755773653478798e-07,1,187
19,4,55,0.5022564401550775,0.0006415881433888967,0.9993585434256372,1.3156902611832777e-07,2,29
19,4,56,0.31019699220790964,0.0009808770909362598,0.9990192584791096,1.3557004585607046e-07,1,193
19,4,58,1.4485283727782223,0.00023318396822419253,0.9997669447710108,1.2873923505019036e-07,1,197
19,4,59,0.41762172921002216,0.0007942329165441758,0.9992058988593695,1.317759135144314e-07,1,199
19,4,61,0.9636086872763897,0.00032230464193639037,0.9996778291125273,1.3375446372698718e-07,1,203
19,4,62,0.27860491350664796,0.001144882065187403,0.9988552528128996,1.3487808692147496e-07,0,124
19,4,64,0.5426927185224635,0.0005951996904369686,0.9994049343229328,1.3401336973473121e-07,2,47
19,4,65,0.24639893333156304,0.0012474101747645327,0.9987527242667336,1.3444149815633466e-07,1,211
19,4,67,0.7785004699583853,0.0004159174883973557,0.9995842172891967,1.34777593974178e-07,1,215
19,4,68,0.32113016426122104,0.0009733779744458207,0.9990267552317205,1.3320616631951054e-07,1,217
19,4,70,0.6654737789716397,0.0004564829537187538,0.9995436504502816,1.3340400029093757e-07,2,59
19,4,71,0.3435977263442212,0.0008321815407167048,0.9991679557913533,1.373320699382674e-07,0,142
19,4,73,0.483575472659964,0.0006313651624271908,0.9993687667393271,1.319017541856482e-07,1,227
19,4,74,0.23813461032597785,0.0013314843352671161,0.9986686480531475,1.323884146753329e-07,1,229
19,4,76,0.761388697144225,0.0004287979031794645,0.9995713366974696,1.3460064907100389e-07,0,152
19,4,77,0.31449601307958636,0.0010113709294857795,0.9989887651149361,1.360444219500323e-07,1,235
19,4,79,0.5163524768710787,0.000631243857142551,0.9993688869048754,1.3076201788031483e-07,2,77
19,4,80,0.36685832632904347,0.0008164672313455917,0.9991836616732958,1.2890464140546953e-07,1,241
