k,parent_depth,child_depth,terminal_offset,parent_node_count,child_node_count,total_mass,chi_lower_num,chi_upper_num,chi_common_den,chi_lower_decimal,chi_upper_decimal,interval_width_num,interval_width_den,interval_width_decimal,nonzero_remainder_count,envelope_num,envelope_den,envelope_decimal,certified_upper_over_envelope_num,certified_upper_over_envelope_den,certified_upper_over_envelope_decimal,certified_envelope_slack_num,certified_envelope_slack_den,certified_envelope_slack_decimal,passes_envelope,finite_only_envelope_num,finite_only_envelope_den,finite_only_envelope_decimal,certified_upper_over_finite_only_num,certified_upper_over_finite_only_den,certified_upper_over_finite_only_decimal,passes_finite_only_envelope,finite_only_scope,envelope_scope,arithmetic,source_kind,source,source_sha256,source_sha256_verified,source_sha256_kind
12,1,2,10,1,3,1373960412522506741,883267622298839056,883267622298839057,4121881237567520223,0.21428749917600465,0.21428749917600465,1,4121881237567520223,2.4260766925689935e-19,1,6,1,6,883267622298839057,24731287425405121338,0.035714583196000779,23848019803106282281,4121881237567520223,5.7857125008239949,True,2,1,2,883267622298839057,8243762475135040446,0.10714374958800232,True,post_hoc_exact_k12_k19; not_an_all_level_target,post_hoc_exact_k12_k19,certified_integer_interval,exact_feasible_certificate,cert_k12.json,a6386bfc8d0410a3dd82a98d765690e53c620259e6b7c4a5359f150ce6d1459f,True,manifest
12,2,3,9,3,9,1373960412522506741,532825932780087547,532825932780087550,4121881237567520223,0.12926765767141038,0.12926765767141038,3,4121881237567520223,7.2782300777069806e-19,3,3,2,1.5,1065651865560175100,12365643712702560669,0.08617843844760692,11299991847142385569,8243762475135040446,1.3707323423285895,True,1,2,0.5,1065651865560175100,4121881237567520223,0.25853531534282076,True,post_hoc_exact_k12_k19; not_an_all_level_target,post_hoc_exact_k12_k19,certified_integer_interval,exact_feasible_certificate,cert_k12.json,a6386bfc8d0410a3dd82a98d765690e53c620259e6b7c4a5359f150ce6d1459f,True,manifest
12,3,4,8,9,27,1373960412522506741,343972863660026626,343972863660026635,4121881237567520223,0.083450454740180285,0.083450454740180285,9,4121881237567520223,2.1834690233120944e-18,9,2,3,0.66666666666666663,343972863660026635,2747920825045013482,0.12517568211027041,801315987128328949,1373960412522506741,0.58321621192648643,True,2,9,0.22222222222222221,1031918590980079905,2747920825045013482,0.37552704633081124,True,post_hoc_exact_k12_k19; not_an_all_level_target,post_hoc_exact_k12_k19,certified_integer_interval,exact_feasible_certificate,cert_k12.json,a6386bfc8d0410a3dd82a98d765690e53c620259e6b7c4a5359f150ce6d1459f,True,manifest
12,4,5,7,27,81,1373960412522506741,229671650402615351,229671650402615378,4121881237567520223,0.055720103798563923,0.05572010379856393,27,4121881237567520223,6.5504070699362832e-18,27,3,8,0.375,1837373203220923024,12365643712702560669,0.14858694346283716,10528270509481637645,32975049900540161784,0.31927989620143604,True,1,8,0.125,1837373203220923024,4121881237567520223,0.44576083038851144,True,post_hoc_exact_k12_k19; not_an_all_level_target,post_hoc_exact_k12_k19,certified_integer_interval,exact_feasible_certificate,cert_k12.json,a6386bfc8d0410a3dd82a98d765690e53c620259e6b7c4a5359f150ce6d1459f,True,manifest
12,5,6,6,81,243,1373960412522506741,160001792383104340,160001792383104421,4121881237567520223,0.038817661926991258,0.038817661926991279,81,4121881237567520223,1.9651221209808848e-17,81,6,25,0.23999999999999999,4000044809577610525,24731287425405121338,0.16174025802913033,20731242615827510813,103047030939188005575,0.20118233807300873,True,2,25,0.080000000000000002,4000044809577610525,8243762475135040446,0.48522077408739095,True,post_hoc_exact_k12_k19; not_an_all_level_target,post_hoc_exact_k12_k19,certified_integer_interval,exact_feasible_certificate,cert_k12.json,a6386bfc8d0410a3dd82a98d765690e53c620259e6b7c4a5359f150ce6d1459f,True,manifest
12,6,7,5,243,729,1373960412522506741,112448683808067170,112448683808067413,4121881237567520223,0.027280913089681214,0.027280913089681273,243,4121881237567520223,5.895366362942655e-17,243,1,6,0.16666666666666666,224897367616134826,1373960412522506741,0.16368547853808765,1149063044906371915,8243762475135040446,0.13938575357698541,True,1,18,0.055555555555555552,674692102848404478,1373960412522506741,0.49105643561426293,True,post_hoc_exact_k12_k19; not_an_all_level_target,post_hoc_exact_k12_k19,certified_integer_interval,exact_feasible_certificate,cert_k12.json,a6386bfc8d0410a3dd82a98d765690e53c620259e6b7c4a5359f150ce6d1459f,True,manifest
12,7,8,4,729,2187,1373960412522506741,79882358180389930,79882358180390659,4121881237567520223,0.019380072732889209,0.019380072732889386,729,4121881237567520223,1.7686099088827964e-16,729,6,49,0.12244897959183673,3914235550839142291,24731287425405121338,0.15827059398526333,20817051874565979047,201972180640808490927,0.10306890685894735,True,2,49,0.040816326530612242,3914235550839142291,8243762475135040446,0.47481178195578999,True,post_hoc_exact_k12_k19; not_an_all_level_target,post_hoc_exact_k12_k19,certified_integer_interval,exact_feasible_certificate,cert_k12.json,a6386bfc8d0410a3dd82a98d765690e53c620259e6b7c4a5359f150ce6d1459f,True,manifest
12,8,9,3,2187,6561,1373960412522506741,57126963557870977,57126963557873164,4121881237567520223,0.013859439480498906,0.013859439480499437,2187,4121881237567520223,5.3058297266483889e-16,2187,3,32,0.09375,1828062833851941248,12365643712702560669,0.14783402112532731,10537580878850619421,131900199602160647136,0.079890560519500567,True,1,32,0.03125,1828062833851941248,4121881237567520223,0.44350206337598197,True,post_hoc_exact_k12_k19; not_an_all_level_target,post_hoc_exact_k12_k19,certified_integer_interval,exact_feasible_certificate,cert_k12.json,a6386bfc8d0410a3dd82a98d765690e53c620259e6b7c4a5359f150ce6d1459f,True,manifest
12,9,10,2,6561,19683,1373960412522506741,37724978470691430,37724978470697991,4121881237567520223,0.0091523690995411553,0.0091523690995427478,6561,4121881237567520223,1.5917489179945167e-15,6561,2,27,0.07407407407407407,339524806236281919,2747920825045013482,0.12355698284382709,2408396018808731563,37096931138107682007,0.064921704974531327,True,2,81,0.024691358024691357,1018574418708845757,2747920825045013482,0.3706709485314813,True,post_hoc_exact_k12_k19; not_an_all_level_target,post_hoc_exact_k12_k19,certified_integer_interval,exact_feasible_certificate,cert_k12.json,a6386bfc8d0410a3dd82a98d765690e53c620259e6b7c4a5359f150ce6d1459f,True,manifest
12,10,11,1,19683,59049,1373960412522506741,22257710444906534,22257710444926217,4121881237567520223,0.005399891254033719,0.0053998912540384938,19683,4121881237567520223,4.7752467539835506e-15,19683,3,50,0.059999999999999998,1112885522246310850,12365643712702560669,0.089998187567308235,11252758190456249819,206094061878376011150,0.054600108745961509,True,1,50,0.02,1112885522246310850,4121881237567520223,0.26999456270192473,True,post_hoc_exact_k12_k19; not_an_all_level_target,post_hoc_exact_k12_k19,certified_integer_interval,exact_feasible_certificate,cert_k12.json,a6386bfc8d0410a3dd82a98d765690e53c620259e6b7c4a5359f150ce6d1459f,True,manifest
12,11,12,0,59049,177147,1373960412522506741,13765687960255247,13765687960314296,4121881237567520223,0.0033396614717552866,0.0033396614717696124,59049,4121881237567520223,1.4325740261950652e-14,59049,6,121,0.049586776859504134,832824121599014908,12365643712702560669,0.067349839680687182,23065639182207091522,498747629745669946983,0.046247115387734516,True,2,121,0.016528925619834711,832824121599014908,4121881237567520223,0.20204951904206156,True,post_hoc_exact_k12_k19; not_an_all_level_target,post_hoc_exact_k12_k19,certified_integer_interval,exact_feasible_certificate,cert_k12.json,a6386bfc8d0410a3dd82a98d765690e53c620259e6b7c4a5359f150ce6d1459f,True,manifest
13,1,2,11,1,3,4475321486922343160,2938408509950650034,2938408509950650035,13425964460767029480,0.21886014360735004,0.21886014360735004,1,13425964460767029480,7.4482544842284623e-20,1,6,1,6,65297966887792223,1790128594768937264,0.036476690601225006,5174491883643435123,895064297384468632,5.7811398563926497,True,2,1,2,195893900663376669,1790128594768937264,0.10943007180367502,True,post_hoc_exact_k12_k19; not_an_all_level_target,post_hoc_exact_k12_k19,certified_integer_interval,exact_feasible_certificate,cert_k13.json,32f22a8bfc6e7962443ce0da0fd28bdb5d2a56748e0ea832a9135a45391fc7b7,True,manifest
13,2,3,10,3,9,4475321486922343160,1800179909822212822,1800179909822212825,13425964460767029480,0.13408198085751286,0.13408198085751286,3,13425964460767029480,2.2344763452685389e-19,3,3,2,1.5,360035981964442565,4027789338230108844,0.089387987238341904,3667753356265666279,2685192892153405896,1.3659180191424871,True,1,2,0.5,360035981964442565,1342596446076702948,0.26816396171502571,True,post_hoc_exact_k12_k19; not_an_all_level_target,post_hoc_exact_k12_k19,certified_integer_interval,exact_feasible_certificate,cert_k13.json,32f22a8bfc6e7962443ce0da0fd28bdb5d2a56748e0ea832a9135a45391fc7b7,True,manifest
13,3,4,9,9,27,4475321486922343160,1178420622151071225,1178420622151071234,13425964460767029480,0.087771766832440104,0.087771766832440104,9,13425964460767029480,6.7034290358056163e-19,9,2,3,0.66666666666666663,589210311075535617,4475321486922343160,0.13165765024866016,3886111175846807543,6712982230383514740,0.5788948998342266,True,2,9,0.22222222222222221,1767630933226606851,4475321486922343160,0.39497295074598049,True,post_hoc_exact_k12_k19; not_an_all_level_target,post_hoc_exact_k12_k19,certified_integer_interval,exact_feasible_certificate,cert_k13.json,32f22a8bfc6e7962443ce0da0fd28bdb5d2a56748e0ea832a9135a45391fc7b7,True,manifest
13,4,5,8,27,81,4475321486922343160,797508982536404792,797508982536404819,13425964460767029480,0.05940049855389256,0.05940049855389256,27,13425964460767029480,2.0110287107416851e-18,27,3,8,0.375,797508982536404819,5034736672787636055,0.15840132947704683,1059306922562807809,3356491115191757370,0.31559950144610743,True,1,8,0.125,797508982536404819,1678245557595878685,0.47520398843114048,True,post_hoc_exact_k12_k19; not_an_all_level_target,post_hoc_exact_k12_k19,certified_integer_interval,exact_feasible_certificate,cert_k13.json,32f22a8bfc6e7962443ce0da0fd28bdb5d2a56748e0ea832a9135a45391fc7b7,True,manifest
13,5,6,7,81,243,4475321486922343160,563949301246563571,563949301246563652,13425964460767029480,0.042004379118872254,0.042004379118872261,81,13425964460767029480,6.0330861322250545e-18,81,6,25,0.23999999999999999,704936626558204565,4027789338230108844,0.17501824632863441,3322852711671904279,16782455575958786850,0.19799562088112774,True,2,25,0.080000000000000002,704936626558204565,1342596446076702948,0.52505473898590327,True,post_hoc_exact_k12_k19; not_an_all_level_target,post_hoc_exact_k12_k19,certified_integer_interval,exact_feasible_certificate,cert_k13.json,32f22a8bfc6e7962443ce0da0fd28bdb5d2a56748e0ea832a9135a45391fc7b7,True,manifest
13,6,7,6,243,729,4475321486922343160,401673632131642825,401673632131643068,13425964460767029480,0.029917674317208424,0.029917674317208445,243,13425964460767029480,1.8099258396675165e-17,243,1,6,0.16666666666666666,100418408032910767,559415185865292895,0.17950604590325067,76499462972063688,559415185865292895,0.13674899234945823,True,1,18,0.055555555555555552,301255224098732301,559415185865292895,0.53851813770975199,True,post_hoc_exact_k12_k19; not_an_all_level_target,post_hoc_exact_k12_k19,certified_integer_interval,exact_feasible_certificate,cert_k13.json,32f22a8bfc6e7962443ce0da0fd28bdb5d2a56748e0ea832a9135a45391fc7b7,True,manifest
13,7,8,5,729,2187,4475321486922343160,289249899836773504,289249899836774233,13425964460767029480,0.021544068635218818,0.021544068635218874,729,13425964460767029480,5.4297775190025495e-17,729,6,49,0.12244897959183673,14173245092001937417,80555786764602176880,0.17594322718762079,66382541672600239463,657872258577584444520,0.10090491095661785,True,2,49,0.040816326530612242,14173245092001937417,26851928921534058960,0.52782968156286236,True,post_hoc_exact_k12_k19; not_an_all_level_target,post_hoc_exact_k12_k19,certified_integer_interval,exact_feasible_certificate,cert_k13.json,32f22a8bfc6e7962443ce0da0fd28bdb5d2a56748e0ea832a9135a45391fc7b7,True,manifest
13,8,9,4,2187,6561,4475321486922343160,208850860797307519,208850860797309706,13425964460767029480,0.015555743604685202,0.015555743604685365,2187,13425964460767029480,1.6289332557007648e-16,2187,3,32,0.09375,835403443189238824,5034736672787636055,0.16592793178331056,4199333229598397231,53703857843068117920,0.078194256395314632,True,1,32,0.03125,835403443189238824,1678245557595878685,0.49778379534993167,True,post_hoc_exact_k12_k19; not_an_all_level_target,post_hoc_exact_k12_k19,certified_integer_interval,exact_feasible_certificate,cert_k13.json,32f22a8bfc6e7962443ce0da0fd28bdb5d2a56748e0ea832a9135a45391fc7b7,True,manifest
13,9,10,3,6561,19683,4475321486922343160,151202032160674454,151202032160681015,13425964460767029480,0.011261912140651998,0.011261912140652485,6561,13425964460767029480,4.8867997671022943e-16,6561,2,27,0.07407407407407407,272163657889225827,1790128594768937264,0.15203581389880855,1517964936879711437,24166736029380653064,0.062812161933421581,True,2,81,0.024691358024691357,816490973667677481,1790128594768937264,0.4561074416964257,True,post_hoc_exact_k12_k19; not_an_all_level_target,post_hoc_exact_k12_k19,certified_integer_interval,exact_feasible_certificate,cert_k13.json,32f22a8bfc6e7962443ce0da0fd28bdb5d2a56748e0ea832a9135a45391fc7b7,True,manifest
13,10,11,2,19683,59049,4475321486922343160,101095967557459840,101095967557479523,13425964460767029480,0.0075298849369726546,0.0075298849369741204,19683,13425964460767029480,1.4660399301306883e-15,19683,3,50,0.059999999999999998,505479837787397615,4027789338230108844,0.12549808228290202,3522309500442711229,67129822303835147400,0.052470115063025881,True,1,50,0.02,505479837787397615,1342596446076702948,0.37649424684870603,True,post_hoc_exact_k12_k19; not_an_all_level_target,post_hoc_exact_k12_k19,certified_integer_interval,exact_feasible_certificate,cert_k13.json,32f22a8bfc6e7962443ce0da0fd28bdb5d2a56748e0ea832a9135a45391fc7b7,True,manifest
13,11,12,1,59049,177147,4475321486922343160,60793157458219980,60793157458279029,13425964460767029480,0.0045280290764859394,0.0045280290764903378,59049,13425964460767029480,4.3981197903920653e-15,59049,6,121,0.049586776859504134,2451990684150587503,26851928921534058960,0.091315253042555153,24399938237383471457,541513899917603522360,0.045058747783013796,True,2,121,0.016528925619834711,2451990684150587503,8950642973844686320,0.27394575912766544,True,post_hoc_exact_k12_k19; not_an_all_level_target,post_hoc_exact_k12_k19,certified_integer_interval,exact_feasible_certificate,cert_k13.json,32f22a8bfc6e7962443ce0da0fd28bdb5d2a56748e0ea832a9135a45391fc7b7,True,manifest
13,12,13,0,177147,531441,4475321486922343160,38325806591410867,38325806591588014,13425964460767029480,0.0028546036080614877,0.002854603608074682,177147,13425964460767029480,1.3194359371176194e-14,177147,1,24,0.041666666666666664,38325806591588014,559415185865292895,0.068510486593792372,173696459757901627,4475321486922343160,0.038812063058591986,True,1,72,0.013888888888888888,114977419774764042,559415185865292895,0.2055314597813771,True,post_hoc_exact_k12_k19; not_an_all_level_target,post_hoc_exact_k12_k19,certified_integer_interval,exact_feasible_certificate,cert_k13.json,32f22a8bfc6e7962443ce0da0fd28bdb5d2a56748e0ea832a9135a45391fc7b7,True,manifest
14,1,2,12,1,3,14596152850956151164,9776633004165764532,9776633004165764533,43788458552868453492,0.22326963147976184,0.22326963147976184,1,43788458552868453492,2.2837067872408422e-20,1,6,1,6,9776633004165764533,262730751317210720952,0.037211605246626971,252954118313044956419,43788458552868453492,5.776730368520238,True,2,1,2,9776633004165764533,87576917105736906984,0.11163481573988092,True,post_hoc_exact_k12_k19; not_an_all_level_target,post_hoc_exact_k12_k19,certified_integer_interval,exact_feasible_certificate,cert_k14.json,08ac51b3f259798b9bf979388ec5f7f590c26025cc323ee331867d20d616285f,True,manifest
14,2,3,11,3,9,14596152850956151164,6075222406313464856,6075222406313464859,43788458552868453492,0.13874026643295703,0.13874026643295703,3,43788458552868453492,6.851120361722527e-20,3,3,2,1.5,6075222406313464859,65682687829302680238,0.092493510955304684,59607465422989215379,43788458552868453492,1.3612597335670429,True,1,2,0.5,6075222406313464859,21894229276434226746,0.27748053286591406,True,post_hoc_exact_k12_k19; not_an_all_level_target,post_hoc_exact_k12_k19,certified_integer_interval,exact_feasible_certificate,cert_k14.json,08ac51b3f259798b9bf979388ec5f7f590c26025cc323ee331867d20d616285f,True,manifest
14,3,4,10,9,27,14596152850956151164,4026177826903409411,4026177826903409420,43788458552868453492,0.091946096299379013,0.091946096299379013,9,43788458552868453492,2.0553361085167582e-19,9,2,3,0.66666666666666663,1006544456725852355,7298076425478075582,0.13791914444906853,6291531968752223227,10947114638217113373,0.57472057036728763,True,2,9,0.22222222222222221,1006544456725852355,2432692141826025194,0.41375743334720555,True,post_hoc_exact_k12_k19; not_an_all_level_target,post_hoc_exact_k12_k19,certified_integer_interval,exact_feasible_certificate,cert_k14.json,08ac51b3f259798b9bf979388ec5f7f590c26025cc323ee331867d20d616285f,True,manifest
14,4,5,9,27,81,14596152850956151164,2760555968332086591,2760555968332086618,43788458552868453492,0.063043004014382023,0.063043004014382023,27,43788458552868453492,6.1660083255502739e-19,27,3,8,0.375,204485627283858268,1216346070913012597,0.16811467737168539,3035581330887462987,9730768567304100776,0.31195699598561799,True,1,8,0.125,613456881851574804,1216346070913012597,0.50434403211505618,True,post_hoc_exact_k12_k19; not_an_all_level_target,post_hoc_exact_k12_k19,certified_integer_interval,exact_feasible_certificate,cert_k14.json,08ac51b3f259798b9bf979388ec5f7f590c26025cc323ee331867d20d616285f,True,manifest
14,5,6,8,81,243,14596152850956151164,1976603425876696758,1976603425876696839,43788458552868453492,0.045139826593581137,0.045139826593581137,81,43788458552868453492,1.8498024976650822e-18,81,6,25,0.23999999999999999,16471695215639140325,87576917105736906984,0.18808261080658809,71105221890097766659,364903821273903779100,0.19486017340641887,True,2,25,0.080000000000000002,16471695215639140325,29192305701912302328,0.56424783241976417,True,post_hoc_exact_k12_k19; not_an_all_level_target,post_hoc_exact_k12_k19,certified_integer_interval,exact_feasible_certificate,cert_k14.json,08ac51b3f259798b9bf979388ec5f7f590c26025cc323ee331867d20d616285f,True,manifest
14,6,7,7,243,729,14596152850956151164,1429996016467037978,1429996016467038221,43788458552868453492,0.032656916085331417,0.032656916085331424,243,43788458552868453492,5.5494074929952465e-18,243,1,6,0.16666666666666666,1429996016467038221,7298076425478075582,0.19594149651198856,5868080409011037361,43788458552868453492,0.13400975058133524,True,1,18,0.055555555555555552,1429996016467038221,2432692141826025194,0.58782448953596567,True,post_hoc_exact_k12_k19; not_an_all_level_target,post_hoc_exact_k12_k19,certified_integer_interval,exact_feasible_certificate,cert_k14.json,08ac51b3f259798b9bf979388ec5f7f590c26025cc323ee331867d20d616285f,True,manifest
14,7,8,6,729,2187,14596152850956151164,1044653912983718383,1044653912983719112,43788458552868453492,0.02385683231398622,0.023856832313986238,729,43788458552868453492,1.664822247898574e-17,729,6,49,0.12244897959183673,6398505217025279561,32841343914651340119,0.19483079723088759,52885677395252121116,536408617272638555277,0.098592147277850498,True,2,49,0.040816326530612242,6398505217025279561,10947114638217113373,0.58449239169266276,True,post_hoc_exact_k12_k19; not_an_all_level_target,post_hoc_exact_k12_k19,certified_integer_interval,exact_feasible_certificate,cert_k14.json,08ac51b3f259798b9bf979388ec5f7f590c26025cc323ee331867d20d616285f,True,manifest
14,8,9,5,2187,6561,14596152850956151164,763989591377928725,763989591377930912,43788458552868453492,0.017447282152111335,0.017447282152111384,2187,43788458552868453492,4.9944667436957221e-17,2187,3,32,0.09375,6111916731023447296,32841343914651340119,0.18610434295585479,26729427183627892823,350307668422947627936,0.076302717847888613,True,1,32,0.03125,6111916731023447296,10947114638217113373,0.55831302886756429,True,post_hoc_exact_k12_k19; not_an_all_level_target,post_hoc_exact_k12_k19,certified_integer_interval,exact_feasible_certificate,cert_k14.json,08ac51b3f259798b9bf979388ec5f7f590c26025cc323ee331867d20d616285f,True,manifest
14,9,10,4,6561,19683,14596152850956151164,559749660642076469,559749660642083030,43788458552868453492,0.012783040991640682,0.012783040991640833,6561,43788458552868453492,1.4983400231087166e-16,6561,2,27,0.07407407407407407,839624490963124545,4865384283652050388,0.17257105338715123,4025759792688925843,65682687829302680238,0.061291033082433242,True,2,81,0.024691358024691357,2518873472889373635,4865384283652050388,0.51771316016145374,True,post_hoc_exact_k12_k19; not_an_all_level_target,post_hoc_exact_k12_k19,certified_integer_interval,exact_feasible_certificate,cert_k14.json,08ac51b3f259798b9bf979388ec5f7f590c26025cc323ee331867d20d616285f,True,manifest
14,10,11,3,19683,59049,14596152850956151164,407551191518408190,407551191518427873,43788458552868453492,0.0093072742221868114,0.0093072742221872607,19683,43788458552868453492,4.4950200693261499e-16,19683,3,50,0.059999999999999998,3396259929320232275,21894229276434226746,0.15512123703645436,18497969347113994471,364903821273903779100,0.050692725777812739,True,1,50,0.02,3396259929320232275,7298076425478075582,0.46536371110936309,True,post_hoc_exact_k12_k19; not_an_all_level_target,post_hoc_exact_k12_k19,certified_integer_interval,exact_feasible_certificate,cert_k14.json,08ac51b3f259798b9bf979388ec5f7f590c26025cc323ee331867d20d616285f,True,manifest
14,11,12,2,59049,177147,14596152850956151164,274053920008324226,274053920008383275,43788458552868453492,0.006258587971929689,0.0062585879719310377,59049,43788458552868453492,1.3485060207978451e-15,59049,6,121,0.049586776859504134,33160524321014376275,262730751317210720952,0.12621485743394259,229570226996196344677,5298403484897082872532,0.043328188887573095,True,2,121,0.016528925619834711,33160524321014376275,87576917105736906984,0.3786445723018278,True,post_hoc_exact_k12_k19; not_an_all_level_target,post_hoc_exact_k12_k19,certified_integer_interval,exact_feasible_certificate,cert_k14.json,08ac51b3f259798b9bf979388ec5f7f590c26025cc323ee331867d20d616285f,True,manifest
14,12,13,1,177147,531441,14596152850956151164,167411880541861897,167411880542039044,43788458552868453492,0.0038231964785820313,0.0038231964785860766,177147,43788458552868453492,4.0455180623935348e-15,177147,1,24,0.041666666666666664,334823761084078088,3649038212739037791,0.091756715486065843,3314214451654959703,87576917105736906984,0.03784347018808059,True,1,72,0.013888888888888888,334823761084078088,1216346070913012597,0.27527014645819753,True,post_hoc_exact_k12_k19; not_an_all_level_target,post_hoc_exact_k12_k19,certified_integer_interval,exact_feasible_certificate,cert_k14.json,08ac51b3f259798b9bf979388ec5f7f590c26025cc323ee331867d20d616285f,True,manifest
14,13,14,0,531441,1594323,14596152850956151164,107433170304688518,107433170305219959,43788458552868453492,0.0024534586019961846,0.0024534586020083212,531441,43788458552868453492,1.2136554187180604e-14,531441,6,169,0.035502958579881658,6052068593860724357,87576917105736906984,0.069105750623234388,81524848511876182627,2466749831811589546716,0.033049499977873334,True,2,169,0.011834319526627219,6052068593860724357,29192305701912302328,0.20731725186970315,True,post_hoc_exact_k12_k19; not_an_all_level_target,post_hoc_exact_k12_k19,certified_integer_interval,exact_feasible_certificate,cert_k14.json,08ac51b3f259798b9bf979388ec5f7f590c26025cc323ee331867d20d616285f,True,manifest
15,1,2,13,1,3,47049100452382107460,32097429713374013652,32097429713374013653,141147301357146322380,0.22740377892282609,0.22740377892282609,1,141147301357146322380,7.0847971614398117e-21,1,6,1,6,32097429713374013653,846883808142877934280,0.037900629820471016,814786378429503920627,141147301357146322380,5.7725962210771735,True,2,1,2,32097429713374013653,282294602714292644760,0.11370188946141305,True,post_hoc_exact_k12_k19; not_an_all_level_target,post_hoc_exact_k12_k19,certified_integer_interval,exact_feasible_certificate,cert_k15_C.npy,fa65959e13cb445e50c92a447a924658b45aae943873e38d774a0b79aa85cda4,True,array
15,2,3,12,3,9,47049100452382107460,20202206901706861729,20202206901706861732,141147301357146322380,0.14312853811203255,0.14312853811203255,3,141147301357146322380,2.1254391484319437e-20,3,3,2,1.5,10101103450853430866,105860476017859741785,0.095419025408021704,95759372567006310919,70573650678573161190,1.3568714618879674,True,1,2,0.5,10101103450853430866,35286825339286580595,0.2862570762240651,True,post_hoc_exact_k12_k19; not_an_all_level_target,post_hoc_exact_k12_k19,certified_integer_interval,exact_feasible_certificate,cert_k15_C.npy,fa65959e13cb445e50c92a447a924658b45aae943873e38d774a0b79aa85cda4,True,array
15,3,4,11,9,27,47049100452382107460,13537280317699718753,13537280317699718762,141147301357146322380,0.095908885168454,0.095908885168454,9,141147301357146322380,6.3763174452958313e-20,9,2,3,0.66666666666666663,6768640158849859381,47049100452382107460,0.14386332775268101,13426820097844082693,23524550226191053730,0.57075778149821266,True,2,9,0.22222222222222221,20305920476549578143,47049100452382107460,0.43158998325804304,True,post_hoc_exact_k12_k19; not_an_all_level_target,post_hoc_exact_k12_k19,certified_integer_interval,exact_feasible_certificate,cert_k15_C.npy,fa65959e13cb445e50c92a447a924658b45aae943873e38d774a0b79aa85cda4,True,array
15,4,5,10,27,81,47049100452382107460,9386569531251662808,9386569531251662835,141147301357146322380,0.06650194117066921,0.06650194117066921,27,141147301357146322380,1.9128952335887492e-19,27,3,8,0.375,1251542604166888378,7057365067857316119,0.17733850978845123,5805822463690427741,18819640180952842984,0.30849805882933079,True,1,8,0.125,1251542604166888378,2352455022619105373,0.53201552936535368,True,post_hoc_exact_k12_k19; not_an_all_level_target,post_hoc_exact_k12_k19,certified_integer_interval,exact_feasible_certificate,cert_k15_C.npy,fa65959e13cb445e50c92a447a924658b45aae943873e38d774a0b79aa85cda4,True,array
15,5,6,9,81,243,47049100452382107460,6796321581183238653,6796321581183238734,141147301357146322380,0.048150559846599147,0.048150559846599147,81,141147301357146322380,5.7386857007662479e-19,81,6,25,0.23999999999999999,5663601317652698945,28229460271429264476,0.20062733269416311,22565858953776565531,117622751130955268650,0.19184944015340086,True,2,25,0.080000000000000002,5663601317652698945,9409820090476421492,0.60188199808248932,True,post_hoc_exact_k12_k19; not_an_all_level_target,post_hoc_exact_k12_k19,certified_integer_interval,exact_feasible_certificate,cert_k15_C.npy,fa65959e13cb445e50c92a447a924658b45aae943873e38d774a0b79aa85cda4,True,array
15,6,7,8,243,729,47049100452382107460,4978550284204257755,4978550284204257998,141147301357146322380,0.035272018921615696,0.035272018921615696,243,141147301357146322380,1.7216057102298743e-18,243,1,6,0.16666666666666666,2489275142102128999,11762275113095526865,0.21163211352969419,1545499995165566311,11762275113095526865,0.13139464774505097,True,1,18,0.055555555555555552,7467825426306386997,11762275113095526865,0.63489634058908251,True,post_hoc_exact_k12_k19; not_an_all_level_target,post_hoc_exact_k12_k19,certified_integer_interval,exact_feasible_certificate,cert_k15_C.npy,fa65959e13cb445e50c92a447a924658b45aae943873e38d774a0b79aa85cda4,True,array
15,7,8,7,729,2187,47049100452382107460,3689882704015469148,3689882704015469877,141147301357146322380,0.026142070507454655,0.026142070507454658,729,141147301357146322380,5.164817130689623e-18,729,6,49,0.12244897959183673,60268084165586007991,282294602714292644760,0.21349357581087972,222026518548706636769,2305405922166723265540,0.096306909084382081,True,2,49,0.040816326530612242,60268084165586007991,94098200904764214920,0.64048072743263917,True,post_hoc_exact_k12_k19; not_an_all_level_target,post_hoc_exact_k12_k19,certified_integer_interval,exact_feasible_certificate,cert_k15_C.npy,fa65959e13cb445e50c92a447a924658b45aae943873e38d774a0b79aa85cda4,True,array
15,8,9,6,2187,6561,47049100452382107460,2733819659276638835,2733819659276641022,141147301357146322380,0.019368557761931485,0.019368557761931502,2187,141147301357146322380,1.5494451392068869e-17,2187,3,32,0.09375,21870557274213128176,105860476017859741785,0.20659794946060267,83989918743646613609,1129178410857170579040,0.074381442238068501,True,1,32,0.03125,21870557274213128176,35286825339286580595,0.61979384838180807,True,post_hoc_exact_k12_k19; not_an_all_level_target,post_hoc_exact_k12_k19,certified_integer_interval,exact_feasible_certificate,cert_k15_C.npy,fa65959e13cb445e50c92a447a924658b45aae943873e38d774a0b79aa85cda4,True,array
15,9,10,5,6561,19683,47049100452382107460,2023324972937526872,2023324972937533433,141147301357146322380,0.014334847024938075,0.014334847024938122,6561,141147301357146322380,4.6483354176206607e-17,6561,2,27,0.07407407407407407,18209924756437800897,94098200904764214920,0.19352043483666465,75888276148326414023,1270325712214316901420,0.059739227049135951,True,2,81,0.024691358024691357,54629774269313402691,94098200904764214920,0.58056130450999388,True,post_hoc_exact_k12_k19; not_an_all_level_target,post_hoc_exact_k12_k19,certified_integer_interval,exact_feasible_certificate,cert_k15_C.npy,fa65959e13cb445e50c92a447a924658b45aae943873e38d774a0b79aa85cda4,True,array
15,10,11,4,19683,59049,47049100452382107460,1493148868225509461,1493148868225529144,141147301357146322380,0.010578656863211158,0.010578656863211296,19683,141147301357146322380,1.3945006252861982e-16,19683,3,50,0.059999999999999998,3732872170563822860,21172095203571948357,0.17631094772018829,17439223033008125497,352868253392865805950,0.049421343136788705,True,1,50,0.02,3732872170563822860,7057365067857316119,0.52893284316056488,True,post_hoc_exact_k12_k19; not_an_all_level_target,post_hoc_exact_k12_k19,certified_integer_interval,exact_feasible_certificate,cert_k15_C.npy,fa65959e13cb445e50c92a447a924658b45aae943873e38d774a0b79aa85cda4,True,array
15,11,12,3,59049,177147,47049100452382107460,1089299591511731388,1089299591511790437,141147301357146322380,0.0077174666538998614,0.0077174666539002795,59049,141147301357146322380,4.1835018758585947e-16,59049,6,121,0.049586776859504134,14645027841436293653,94098200904764214920,0.15563557752032231,238359519189983763801,5692941154738235002660,0.041869310205603853,True,2,121,0.016528925619834711,43935083524308880959,94098200904764214920,0.46690673256096693,True,post_hoc_exact_k12_k19; not_an_all_level_target,post_hoc_exact_k12_k19,certified_integer_interval,exact_feasible_certificate,cert_k15_C.npy,fa65959e13cb445e50c92a447a924658b45aae943873e38d774a0b79aa85cda4,True,array
15,12,13,2,177147,531441,47049100452382107460,734616296331495486,734616296331672633,141147301357146322380,0.0052046074509968067,0.0052046074509980618,177147,141147301357146322380,1.2550505627575783e-15,177147,1,24,0.041666666666666664,1469232592663345266,11762275113095526865,0.1249105788239535,10293042520432181599,282294602714292644760,0.036462059215668606,True,1,72,0.013888888888888888,4407697777990035798,11762275113095526865,0.37473173647186048,True,post_hoc_exact_k12_k19; not_an_all_level_target,post_hoc_exact_k12_k19,certified_integer_interval,exact_feasible_certificate,cert_k15_C.npy,fa65959e13cb445e50c92a447a924658b45aae943873e38d774a0b79aa85cda4,True,array
15,13,14,1,531441,1594323,47049100452382107460,456541260593302614,456541260593834055,141147301357146322380,0.0032345022271315837,0.0032345022271353489,531441,141147301357146322380,3.7651516882727352e-15,531441,6,169,0.035502958579881658,5143698202690530353,56458920542858528952,0.091105146064312331,51315222340167998599,1590259595290515232148,0.032268456352746305,True,2,169,0.011834319526627219,5143698202690530353,18819640180952842984,0.27331543819293702,True,post_hoc_exact_k12_k19; not_an_all_level_target,post_hoc_exact_k12_k19,certified_integer_interval,exact_feasible_certificate,cert_k15_C.npy,fa65959e13cb445e50c92a447a924658b45aae943873e38d774a0b79aa85cda4,True,array
15,14,15,0,1594323,4782969,47049100452382107460,297352354402591834,297352354404186157,141147301357146322380,0.0021066811164189275,0.0021066811164302231,1594323,141147301357146322380,1.1295455064818205e-14,1594323,3,98,0.030612244897959183,14570265365805121693,211720952035719483570,0.068818249803387285,197150686669914361877,6916217766500169796620,0.028505563781528961,True,1,98,0.01020408163265306,14570265365805121693,70573650678573161190,0.20645474941016187,True,post_hoc_exact_k12_k19; not_an_all_level_target,post_hoc_exact_k12_k19,certified_integer_interval,exact_feasible_certificate,cert_k15_C.npy,fa65959e13cb445e50c92a447a924658b45aae943873e38d774a0b79aa85cda4,True,array
16,1,2,14,1,3,150018628595844245849,104051189821727066209,104051189821727066210,450055885787532737547,0.2311961538724297,0.2311961538724297,1,450055885787532737547,2.2219462772943065e-21,1,6,1,6,52025594910863533105,1350167657362598212641,0.038532692312071619,2596284124903469359072,450055885787532737547,5.7688038461275699,True,2,1,2,52025594910863533105,450055885787532737547,0.11559807693621485,True,post_hoc_exact_k12_k19; not_an_all_level_target,post_hoc_exact_k12_k19,certified_integer_interval,exact_feasible_certificate,cert_k16_C.npy,180c4856ee6cffdf08a2feedea15a17bab9f0d8bf2702808b4ae2512a41d300b,True,array
16,2,3,13,3,9,150018628595844245849,66235974317682572733,66235974317682572736,450055885787532737547,0.1471727765581361,0.1471727765581361,3,450055885787532737547,6.6658388318829196e-21,3,3,2,1.5,14719105403929460608,150018628595844245849,0.098115184372090727,405898569575744355723,300037257191688491698,1.3528272234418639,True,1,2,0.5,44157316211788381824,150018628595844245849,0.2943455531162722,True,post_hoc_exact_k12_k19; not_an_all_level_target,post_hoc_exact_k12_k19,certified_integer_interval,exact_feasible_certificate,cert_k16_C.npy,180c4856ee6cffdf08a2feedea15a17bab9f0d8bf2702808b4ae2512a41d300b,True,array
16,3,4,12,9,27,150018628595844245849,44817777440621024023,44817777440621024032,450055885787532737547,0.099582693740792635,0.099582693740792635,9,450055885787532737547,1.999751649564876e-20,9,2,3,0.66666666666666663,22408888720310512016,150018628595844245849,0.14937404061118897,85073159917022489222,150018628595844245849,0.56708397292587398,True,2,9,0.22222222222222221,67226666160931536048,150018628595844245849,0.44812212183356687,True,post_hoc_exact_k12_k19; not_an_all_level_target,post_hoc_exact_k12_k19,certified_integer_interval,exact_feasible_certificate,cert_k16_C.npy,180c4856ee6cffdf08a2feedea15a17bab9f0d8bf2702808b4ae2512a41d300b,True,array
16,4,5,11,27,81,150018628595844245849,31388700032217674820,31388700032217674847,450055885787532737547,0.06974400518569375,0.06974400518569375,27,450055885787532737547,5.9992549486946284e-20,27,3,8,0.375,27901066695304599864,150018628595844245849,0.18598401382851665,366352685701618937955,1200149028766753966792,0.30525599481430626,True,1,8,0.125,83703200085913799592,150018628595844245849,0.55795204148555,True,post_hoc_exact_k12_k19; not_an_all_level_target,post_hoc_exact_k12_k19,certified_integer_interval,exact_feasible_certificate,cert_k16_C.npy,180c4856ee6cffdf08a2feedea15a17bab9f0d8bf2702808b4ae2512a41d300b,True,array
16,5,6,10,81,243,150018628595844245849,22946265450725843345,22946265450725843426,450055885787532737547,0.050985369096047249,0.050985369096047249,81,450055885787532737547,1.7997764846083883e-19,81,6,25,0.23999999999999999,286828318134073042825,1350167657362598212641,0.21243903790019689,2126678678457050339632,11251397144688318438675,0.18901463090395274,True,2,25,0.080000000000000002,286828318134073042825,450055885787532737547,0.63731711370059063,True,post_hoc_exact_k12_k19; not_an_all_level_target,post_hoc_exact_k12_k19,certified_integer_interval,exact_feasible_certificate,cert_k16_C.npy,180c4856ee6cffdf08a2feedea15a17bab9f0d8bf2702808b4ae2512a41d300b,True,array
16,6,7,9,243,729,150018628595844245849,16994015321721994745,16994015321721994988,450055885787532737547,0.037759789080382591,0.037759789080382598,243,450055885787532737547,5.3993294538251648e-19,243,1,6,0.16666666666666666,33988030643443989976,150018628595844245849,0.22655873448229558,116030597952400255873,900111771575065475094,0.12890687758628408,True,1,18,0.055555555555555552,101964091930331969928,150018628595844245849,0.67967620344688673,True,post_hoc_exact_k12_k19; not_an_all_level_target,post_hoc_exact_k12_k19,certified_integer_interval,exact_feasible_certificate,cert_k16_C.npy,180c4856ee6cffdf08a2feedea15a17bab9f0d8bf2702808b4ae2512a41d300b,True,array
16,7,8,8,729,2187,150018628595844245849,12751460720562260482,12751460720562261211,450055885787532737547,0.028333060678117892,0.028333060678117892,729,450055885787532737547,1.6197988361475494e-18,729,6,49,0.12244897959183673,624821575307550799339,2700335314725196425282,0.23138666220462945,2075513739417645625943,22052738403589104139803,0.094115918913718843,True,2,49,0.040816326530612242,624821575307550799339,900111771575065475094,0.69415998661388834,True,post_hoc_exact_k12_k19; not_an_all_level_target,post_hoc_exact_k12_k19,certified_integer_interval,exact_feasible_certificate,cert_k16_C.npy,180c4856ee6cffdf08a2feedea15a17bab9f0d8bf2702808b4ae2512a41d300b,True,array
16,8,9,7,2187,6561,150018628595844245849,9573895937289848946,9573895937289851133,450055885787532737547,0.021272682437064268,0.021272682437064271,2187,450055885787532737547,4.8593965084426489e-18,2187,3,32,0.09375,102121556664425078752,450055885787532737547,0.22690861266201889,347934329123107658795,4800596115067015867168,0.072477317562935725,True,1,32,0.03125,102121556664425078752,150018628595844245849,0.68072583798605668,True,post_hoc_exact_k12_k19; not_an_all_level_target,post_hoc_exact_k12_k19,certified_integer_interval,exact_feasible_certificate,cert_k16_C.npy,180c4856ee6cffdf08a2feedea15a17bab9f0d8bf2702808b4ae2512a41d300b,True,array
16,9,10,6,6561,19683,150018628595844245849,7192679899994547582,7192679899994554143,450055885787532737547,0.015981748327562471,0.015981748327562485,6561,450055885787532737547,1.4578189525327944e-17,6561,2,27,0.07407407407407407,64734119099950987287,300037257191688491698,0.21575360242209354,235303138091737504411,4050502972087794637923,0.058092325746511589,True,2,81,0.024691358024691357,194202357299852961861,300037257191688491698,0.64726080726628066,True,post_hoc_exact_k12_k19; not_an_all_level_target,post_hoc_exact_k12_k19,certified_integer_interval,exact_feasible_certificate,cert_k16_C.npy,180c4856ee6cffdf08a2feedea15a17bab9f0d8bf2702808b4ae2512a41d300b,True,array
16,10,11,5,19683,59049,150018628595844245849,5367865435341090044,5367865435341109727,450055885787532737547,0.011927108621072918,0.011927108621072961,19683,450055885787532737547,4.3734568575983836e-17,19683,3,50,0.059999999999999998,268393271767055486350,1350167657362598212641,0.19878514368454936,1081774385595542726291,22502794289376636877350,0.048072891378927042,True,1,50,0.02,268393271767055486350,450055885787532737547,0.59635543105364808,True,post_hoc_exact_k12_k19; not_an_all_level_target,post_hoc_exact_k12_k19,certified_integer_interval,exact_feasible_certificate,cert_k16_C.npy,180c4856ee6cffdf08a2feedea15a17bab9f0d8bf2702808b4ae2512a41d300b,True,array
16,11,12,4,59049,177147,150018628595844245849,3985997745020140887,3985997745020199936,450055885787532737547,0.008856672850851002,0.0088566728508511338,59049,450055885787532737547,1.3120370572795152e-16,59049,6,121,0.049586776859504134,80384287857907365376,450055885787532737547,0.17860956915883119,739343195859250744342,18152254060097153747729,0.040730104008652998,True,2,121,0.016528925619834711,80384287857907365376,150018628595844245849,0.53582870747649358,True,post_hoc_exact_k12_k19; not_an_all_level_target,post_hoc_exact_k12_k19,certified_integer_interval,exact_feasible_certificate,cert_k16_C.npy,180c4856ee6cffdf08a2feedea15a17bab9f0d8bf2702808b4ae2512a41d300b,True,array
16,12,13,3,177147,531441,150018628595844245849,2921665617559407333,2921665617559584480,450055885787532737547,0.0064917840424348963,0.0064917840424352901,177147,450055885787532737547,3.9361111718385452e-16,177147,1,24,0.041666666666666664,23373324940476675840,150018628595844245849,0.15580281701844695,126645303655367570009,3600447086300261900376,0.035174882624231379,True,1,72,0.013888888888888888,70119974821430027520,150018628595844245849,0.4674084510553409,True,post_hoc_exact_k12_k19; not_an_all_level_target,post_hoc_exact_k12_k19,certified_integer_interval,exact_feasible_certificate,cert_k16_C.npy,180c4856ee6cffdf08a2feedea15a17bab9f0d8bf2702808b4ae2512a41d300b,True,array
16,13,14,2,531441,1594323,150018628595844245849,1982415203890606556,1982415203891137997,450055885787532737547,0.0044048200823363672,0.0044048200823375476,531441,450055885787532737547,1.1808333515515637e-15,531441,6,169,0.035502958579881658,335028169457602321493,2700335314725196425282,0.12406909898584093,2365307145267594103789,76059444698093032645443,0.031098138497544107,True,2,169,0.011834319526627219,335028169457602321493,900111771575065475094,0.3722072969575228,True,post_hoc_exact_k12_k19; not_an_all_level_target,post_hoc_exact_k12_k19,certified_integer_interval,exact_feasible_certificate,cert_k16_C.npy,180c4856ee6cffdf08a2feedea15a17bab9f0d8bf2702808b4ae2512a41d300b,True,array
16,14,15,1,1594323,4782969,150018628595844245849,1239954568520985889,1239954568522580212,450055885787532737547,0.0027551124375392727,0.0027551124375428154,1594323,450055885787532737547,3.5425000546546906e-15,1594323,3,98,0.030612244897959183,121515547715212860776,1350167657362598212641,0.09000033962639864,1228652109647385351865,44105476807178208279606,0.027857132460416368,True,1,98,0.01020408163265306,121515547715212860776,450055885787532737547,0.27000101887919592,True,post_hoc_exact_k12_k19; not_an_all_level_target,post_hoc_exact_k12_k19,certified_integer_interval,exact_feasible_certificate,cert_k16_C.npy,180c4856ee6cffdf08a2feedea15a17bab9f0d8bf2702808b4ae2512a41d300b,True,array
16,15,16,0,4782969,14348907,150018628595844245849,816421772023840199,816421772028623168,450055885787532737547,0.0018140453170503929,0.0018140453170610203,4782969,450055885787532737547,1.0627500163964072e-14,4782969,2,75,0.026666666666666668,10205272150357789600,150018628595844245849,0.068026699389788267,279626712890972912498,11251397144688318438675,0.024852621349605645,True,2,225,0.0088888888888888889,30615816451073368800,150018628595844245849,0.20408009816936479,True,post_hoc_exact_k12_k19; not_an_all_level_target,post_hoc_exact_k12_k19,certified_integer_interval,exact_feasible_certificate,cert_k16_C.npy,180c4856ee6cffdf08a2feedea15a17bab9f0d8bf2702808b4ae2512a41d300b,True,array
17,1,2,15,1,3,479475287827487078427,337583234371401556029,337583234371401556030,1438425863482461235281,0.23468935239672692,0.23468935239672692,1,1438425863482461235281,6.9520440739224304e-22,1,6,1,6,168791617185700778015,4315277590447383705843,0.039114892066121155,8292971946523365855656,1438425863482461235281,5.7653106476032727,True,2,1,2,168791617185700778015,1438425863482461235281,0.11734467619836346,True,post_hoc_exact_k12_k19; not_an_all_level_target,post_hoc_exact_k12_k19,certified_integer_interval,exact_feasible_certificate,cert_k17_C.npy,72da89e5733d56855d7514107b690c9127ca243ac65f6ad2873c9eeff0a770d2,True,array
17,2,3,14,3,9,479475287827487078427,217080823152443663714,217080823152443663717,1438425863482461235281,0.15091554501591492,0.15091554501591492,3,1438425863482461235281,2.085613222176729e-21,3,3,2,1.5,434161646304887327434,4315277590447383705843,0.10061036334394328,3881115944142496378409,2876851726964922470562,1.349084454984085,True,1,2,0.5,434161646304887327434,1438425863482461235281,0.30183109003182984,True,post_hoc_exact_k12_k19; not_an_all_level_target,post_hoc_exact_k12_k19,certified_integer_interval,exact_feasible_certificate,cert_k17_C.npy,72da89e5733d56855d7514107b690c9127ca243ac65f6ad2873c9eeff0a770d2,True,array
17,3,4,13,9,27,479475287827487078427,148164018545266257146,148164018545266257155,1438425863482461235281,0.10300427870961514,0.10300427870961514,9,1438425863482461235281,6.2568396665301879e-21,9,2,3,0.66666666666666663,148164018545266257155,958950575654974156854,0.15450641806442272,810786557109707899699,1438425863482461235281,0.56366238795705148,True,2,9,0.22222222222222221,148164018545266257155,319650191884991385618,0.46351925419326812,True,post_hoc_exact_k12_k19; not_an_all_level_target,post_hoc_exact_k12_k19,certified_integer_interval,exact_feasible_certificate,cert_k17_C.npy,72da89e5733d56855d7514107b690c9127ca243ac65f6ad2873c9eeff0a770d2,True,array
17,4,5,12,27,81,479475287827487078427,104692482985823197693,104692482985823197720,1438425863482461235281,0.072782675592581711,0.072782675592581711,27,1438425863482461235281,1.8770518999590563e-20,27,3,8,0.375,837539863886585581760,4315277590447383705843,0.19408713491355123,3477737726560798124083,11507406907859689882248,0.30221732440741828,True,1,8,0.125,837539863886585581760,1438425863482461235281,0.58226140474065369,True,post_hoc_exact_k12_k19; not_an_all_level_target,post_hoc_exact_k12_k19,certified_integer_interval,exact_feasible_certificate,cert_k17_C.npy,72da89e5733d56855d7514107b690c9127ca243ac65f6ad2873c9eeff0a770d2,True,array
17,5,6,11,81,243,479475287827487078427,77197825426628795089,77197825426628795170,1438425863482461235281,0.053668268477689303,0.053668268477689303,81,1438425863482461235281,5.6311556998771689e-20,81,6,25,0.23999999999999999,964972817832859939625,4315277590447383705843,0.22361778532370544,6700609545229047532436,35960646587061530882025,0.1863317315223107,True,2,25,0.080000000000000002,964972817832859939625,1438425863482461235281,0.67085335597111628,True,post_hoc_exact_k12_k19; not_an_all_level_target,post_hoc_exact_k12_k19,certified_integer_interval,exact_feasible_certificate,cert_k17_C.npy,72da89e5733d56855d7514107b690c9127ca243ac65f6ad2873c9eeff0a770d2,True,array
17,6,7,10,243,729,479475287827487078427,57720765459064117874,57720765459064118117,1438425863482461235281,0.040127730545195327,0.040127730545195327,243,1438425863482461235281,1.6893467099631507e-19,243,1,6,0.16666666666666666,115441530918128236234,479475287827487078427,0.24076638327117195,364033756909358842193,2876851726964922470562,0.12653893612147135,True,1,18,0.055555555555555552,115441530918128236234,159825095942495692809,0.72229914981351584,True,post_hoc_exact_k12_k19; not_an_all_level_target,post_hoc_exact_k12_k19,certified_integer_interval,exact_feasible_certificate,cert_k17_C.npy,72da89e5733d56855d7514107b690c9127ca243ac65f6ad2873c9eeff0a770d2,True,array
17,7,8,9,729,2187,479475287827487078427,43776150148584857983,43776150148584858712,1438425863482461235281,0.030433372521960791,0.030433372521960791,729,1438425863482461235281,5.0680401298894517e-19,729,6,49,0.12244897959183673,1072515678640329038444,4315277590447383705843,0.24853920892934644,6485523823614109334798,70482867310640600528769,0.092015607069875938,True,2,49,0.040816326530612242,1072515678640329038444,1438425863482461235281,0.74561762678803933,True,post_hoc_exact_k12_k19; not_an_all_level_target,post_hoc_exact_k12_k19,certified_integer_interval,exact_feasible_certificate,cert_k17_C.npy,72da89e5733d56855d7514107b690c9127ca243ac65f6ad2873c9eeff0a770d2,True,array
17,8,9,8,2187,6561,479475287827487078427,33283000290218602174,33283000290218604361,1438425863482461235281,0.023138488492997277,0.023138488492997281,2187,1438425863482461235281,1.5204120389668355e-18,2187,3,32,0.09375,1065056009286995339552,4315277590447383705843,0.2468105439253043,3250221581160388366291,46029627631438759528992,0.070611511507002719,True,1,32,0.03125,1065056009286995339552,1438425863482461235281,0.74043163177591298,True,post_hoc_exact_k12_k19; not_an_all_level_target,post_hoc_exact_k12_k19,certified_integer_interval,exact_feasible_certificate,cert_k17_C.npy,72da89e5733d56855d7514107b690c9127ca243ac65f6ad2873c9eeff0a770d2,True,array
17,9,10,7,6561,19683,479475287827487078427,25321988750707038746,25321988750707045307,1438425863482461235281,0.017603958183428331,0.017603958183428338,6561,1438425863482461235281,4.5612361169005066e-18,6561,2,27,0.07407407407407407,25321988750707045307,106550063961663795206,0.23765343547628254,27076025070318916633,479475287827487078427,0.056470115890645739,True,2,81,0.024691358024691357,75965966252121135921,106550063961663795206,0.71296030642884767,True,post_hoc_exact_k12_k19; not_an_all_level_target,post_hoc_exact_k12_k19,certified_integer_interval,exact_feasible_certificate,cert_k17_C.npy,72da89e5733d56855d7514107b690c9127ca243ac65f6ad2873c9eeff0a770d2,True,array
17,10,11,6,19683,59049,479475287827487078427,19174523110702132340,19174523110702152023,1438425863482461235281,0.013330212976204545,0.013330212976204559,19683,1438425863482461235281,1.368370835070152e-17,19683,3,50,0.059999999999999998,958726155535107601150,4315277590447383705843,0.22217021627007599,3356551434912276104693,71921293174123061764050,0.046669787023795442,True,1,50,0.02,958726155535107601150,1438425863482461235281,0.66651064881022792,True,post_hoc_exact_k12_k19; not_an_all_level_target,post_hoc_exact_k12_k19,certified_integer_interval,exact_feasible_certificate,cert_k17_C.npy,72da89e5733d56855d7514107b690c9127ca243ac65f6ad2873c9eeff0a770d2,True,array
17,11,12,5,59049,177147,479475287827487078427,14389753601191390133,14389753601191449182,1438425863482461235281,0.010003820124836657,0.010003820124836697,59049,1438425863482461235281,4.1051125052104562e-17,59049,6,121,0.049586776859504134,870580092872082675511,4315277590447383705843,0.20174370585087339,6889394995150602060664,174049529481377809469001,0.039582956734667434,True,2,121,0.016528925619834711,870580092872082675511,1438425863482461235281,0.60523111755262016,True,post_hoc_exact_k12_k19; not_an_all_level_target,post_hoc_exact_k12_k19,certified_integer_interval,exact_feasible_certificate,cert_k17_C.npy,72da89e5733d56855d7514107b690c9127ca243ac65f6ad2873c9eeff0a770d2,True,array
17,12,13,4,177147,531441,479475287827487078427,10748145589313527543,10748145589313704690,1438425863482461235281,0.0074721581849842619,0.007472158184984385,177147,1438425863482461235281,1.2315337515631367e-16,177147,1,24,0.041666666666666664,85985164714509637520,479475287827487078427,0.17933179643962524,393490123112977440907,11507406907859689882248,0.034194508481682283,True,1,72,0.013888888888888888,85985164714509637520,159825095942495692809,0.53799538931887569,True,post_hoc_exact_k12_k19; not_an_all_level_target,post_hoc_exact_k12_k19,certified_integer_interval,exact_feasible_certificate,cert_k17_C.npy,72da89e5733d56855d7514107b690c9127ca243ac65f6ad2873c9eeff0a770d2,True,array
17,13,14,3,531441,1594323,479475287827487078427,7935079867047096756,7935079867047628197,1438425863482461235281,0.0055165024965805956,0.0055165024965809651,531441,1438425863482461235281,3.6946012546894105e-16,531441,6,169,0.035502958579881658,447009499177016388431,2876851726964922470562,0.15538148698703053,2429842227787906082131,81031323642845316254163,0.029986456083300691,True,2,169,0.011834319526627219,447009499177016388431,958950575654974156854,0.46614446096109158,True,post_hoc_exact_k12_k19; not_an_all_level_target,post_hoc_exact_k12_k19,certified_integer_interval,exact_feasible_certificate,cert_k17_C.npy,72da89e5733d56855d7514107b690c9127ca243ac65f6ad2873c9eeff0a770d2,True,array
17,14,15,2,1594323,4782969,479475287827487078427,5416256910120536439,5416256910122130762,1438425863482461235281,0.003765405675484489,0.0037654056754855975,1594323,1438425863482461235281,1.1083803764068232e-15,1594323,3,98,0.030612244897959183,58977019687996534964,479475287827487078427,0.12300325206586285,420498268139490543463,15662859402364577895282,0.026846839222473586,True,1,98,0.01020408163265306,58977019687996534964,159825095942495692809,0.36900975619758858,True,post_hoc_exact_k12_k19; not_an_all_level_target,post_hoc_exact_k12_k19,certified_integer_interval,exact_feasible_certificate,cert_k17_C.npy,72da89e5733d56855d7514107b690c9127ca243ac65f6ad2873c9eeff0a770d2,True,array
17,15,16,1,4782969,14348907,479475287827487078427,3426046620363443239,3426046620368226208,1438425863482461235281,0.0023818027104079648,0.0023818027104112898,4782969,1438425863482461235281,3.3251411292204694e-15,4782969,2,75,0.026666666666666668,42825582754602827600,479475287827487078427,0.089317601640423364,873299410145768501654,35960646587061530882025,0.024284863956255377,True,2,225,0.0088888888888888889,42825582754602827600,159825095942495692809,0.2679528049212701,True,post_hoc_exact_k12_k19; not_an_all_level_target,post_hoc_exact_k12_k19,certified_integer_interval,exact_feasible_certificate,cert_k17_C.npy,72da89e5733d56855d7514107b690c9127ca243ac65f6ad2873c9eeff0a770d2,True,array
17,16,17,0,14348907,43046721,479475287827487078427,2268506065267193106,2268506065281542013,1438425863482461235281,0.001577075414769788,0.0015770754147797635,14348907,1438425863482461235281,9.9754233876614085e-15,14348907,3,128,0.0234375,96789592118679125888,1438425863482461235281,0.067288551030603244,1341636271363782109393,61372836841918346038656,0.021860424585220237,True,1,128,0.0078125,96789592118679125888,479475287827487078427,0.20186565309180973,True,post_hoc_exact_k12_k19; not_an_all_level_target,post_hoc_exact_k12_k19,certified_integer_interval,exact_feasible_certificate,cert_k17_C.npy,72da89e5733d56855d7514107b690c9127ca243ac65f6ad2873c9eeff0a770d2,True,array
18,1,2,16,1,3,1523556169197024107847,1087274654758658639171,1087274654758658639172,4570668507591072323541,0.23788088174692337,0.23788088174692337,1,4570668507591072323541,2.1878637629029034e-22,1,6,1,6,181212442459776439862,4570668507591072323541,0.039646813624487229,8778912130262591767358,1523556169197024107847,5.7621191182530769,True,2,1,2,181212442459776439862,1523556169197024107847,0.11894044087346169,True,post_hoc_exact_k12_k19; not_an_all_level_target,post_hoc_exact_k12_k19,certified_integer_interval,exact_feasible_certificate,cert_k18_C.npy,e3d998ff0e34ae16ec7f2a53be4f48bcedc3b106f5b7316f3b558e97c34522ef,True,array
18,2,3,15,3,9,1523556169197024107847,705455709786211341868,705455709786211341871,4570668507591072323541,0.15434409837741989,0.15434409837741989,3,4570668507591072323541,6.5635912887087096e-22,3,3,2,1.5,1410911419572422683742,13712005522773216970623,0.10289606558494659,12301094103200794286881,9141337015182144647082,1.3456559016225802,True,1,2,0.5,1410911419572422683742,4570668507591072323541,0.30868819675483977,True,post_hoc_exact_k12_k19; not_an_all_level_target,post_hoc_exact_k12_k19,certified_integer_interval,exact_feasible_certificate,cert_k18_C.npy,e3d998ff0e34ae16ec7f2a53be4f48bcedc3b106f5b7316f3b558e97c34522ef,True,array
18,3,4,14,9,27,1523556169197024107847,485174860014430739757,485174860014430739766,4570668507591072323541,0.10614964948970618,0.10614964948970618,9,4570668507591072323541,1.969077386612613e-21,9,2,3,0.66666666666666663,80862476669071789961,507852056399008035949,0.15922447423455927,853979159459872491976,1523556169197024107847,0.56051701717696045,True,2,9,0.22222222222222221,242587430007215369883,507852056399008035949,0.4776734227036778,True,post_hoc_exact_k12_k19; not_an_all_level_target,post_hoc_exact_k12_k19,certified_integer_interval,exact_feasible_certificate,cert_k18_C.npy,e3d998ff0e34ae16ec7f2a53be4f48bcedc3b106f5b7316f3b558e97c34522ef,True,array
18,4,5,13,27,81,1523556169197024107847,345471898628339822359,345471898628339822386,4570668507591072323541,0.07558454481102099,0.07558454481102099,27,4570668507591072323541,5.9072321598378386e-21,27,3,8,0.375,2763775189026718579088,13712005522773216970623,0.20155878616272263,10948230333746498391535,36565348060728578588328,0.299415455188979,True,1,8,0.125,2763775189026718579088,4570668507591072323541,0.60467635848816792,True,post_hoc_exact_k12_k19; not_an_all_level_target,post_hoc_exact_k12_k19,certified_integer_interval,exact_feasible_certificate,cert_k18_C.npy,e3d998ff0e34ae16ec7f2a53be4f48bcedc3b106f5b7316f3b558e97c34522ef,True,array
18,5,6,12,81,243,1523556169197024107847,256673042104905289885,256673042104905289966,4570668507591072323541,0.056156564773537337,0.056156564773537337,81,4570668507591072323541,1.7721696479513514e-20,81,6,25,0.23999999999999999,3208413026311316124575,13712005522773216970623,0.23398568655640559,21007184992923801692096,114266712689776808088525,0.18384343522646265,True,2,25,0.080000000000000002,3208413026311316124575,4570668507591072323541,0.70195705966921673,True,post_hoc_exact_k12_k19; not_an_all_level_target,post_hoc_exact_k12_k19,certified_integer_interval,exact_feasible_certificate,cert_k18_C.npy,e3d998ff0e34ae16ec7f2a53be4f48bcedc3b106f5b7316f3b558e97c34522ef,True,array
18,6,7,11,243,729,1523556169197024107847,193515162837753510768,193515162837753511011,4570668507591072323541,0.042338481234497544,0.042338481234497544,243,4570668507591072323541,5.3165089438540546e-20,243,1,6,0.16666666666666666,129010108558502340674,507852056399008035949,0.25403088740698526,378841947840505695275,3047112338394048215694,0.12432818543216913,True,1,18,0.055555555555555552,387030325675507022022,507852056399008035949,0.76209266222095584,True,post_hoc_exact_k12_k19; not_an_all_level_target,post_hoc_exact_k12_k19,certified_integer_interval,exact_feasible_certificate,cert_k18_C.npy,e3d998ff0e34ae16ec7f2a53be4f48bcedc3b106f5b7316f3b558e97c34522ef,True,array
18,7,8,10,729,2187,1523556169197024107847,148097815554352880190,148097815554352880919,4570668507591072323541,0.032401784401644658,0.032401784401644658,729,4570668507591072323541,1.5949526831562163e-19,729,6,49,0.12244897959183673,2418930987387763721677,9141337015182144647082,0.26461457261343141,6722406027794380925405,74654252290654181284503,0.090047195190192081,True,2,49,0.040816326530612242,2418930987387763721677,3047112338394048215694,0.79384371784029417,True,post_hoc_exact_k12_k19; not_an_all_level_target,post_hoc_exact_k12_k19,certified_integer_interval,exact_feasible_certificate,cert_k18_C.npy,e3d998ff0e34ae16ec7f2a53be4f48bcedc3b106f5b7316f3b558e97c34522ef,True,array
18,8,9,9,2187,6561,1523556169197024107847,113751786250171114643,113751786250171116830,4570668507591072323541,0.024887341110222609,0.024887341110222609,2187,4570668507591072323541,4.7848580494686492e-19,2187,3,32,0.09375,3640057160005475738560,13712005522773216970623,0.2654649718423745,10071948362767741232063,146261392242914314353312,0.068862658889777384,True,1,32,0.03125,3640057160005475738560,4570668507591072323541,0.79639491552712349,True,post_hoc_exact_k12_k19; not_an_all_level_target,post_hoc_exact_k12_k19,certified_integer_interval,exact_feasible_certificate,cert_k18_C.npy,e3d998ff0e34ae16ec7f2a53be4f48bcedc3b106f5b7316f3b558e97c34522ef,True,array
18,9,10,8,6561,19683,1523556169197024107847,87573714284498307014,87573714284498313575,4570668507591072323541,0.019159935606586617,0.019159935606586621,6561,4570668507591072323541,1.4354574148405948e-18,6561,2,27,0.07407407407407407,262721142853494940725,1015704112798016071898,0.25865913068891938,752982969944521131173,13712005522773216970623,0.054914138467487453,True,2,81,0.024691358024691357,788163428560484822175,1015704112798016071898,0.77597739206675809,True,post_hoc_exact_k12_k19; not_an_all_level_target,post_hoc_exact_k12_k19,certified_integer_interval,exact_feasible_certificate,cert_k18_C.npy,e3d998ff0e34ae16ec7f2a53be4f48bcedc3b106f5b7316f3b558e97c34522ef,True,array
18,10,11,7,19683,59049,1523556169197024107847,67099960571140344907,67099960571140364590,4570668507591072323541,0.014680557222581155,0.014680557222581159,19683,4570668507591072323541,4.3063722445217845e-18,19683,3,50,0.059999999999999998,3354998028557018229500,13712005522773216970623,0.24467595370968598,10357007494216198741123,228533425379553616177050,0.045319442777418839,True,1,50,0.02,3354998028557018229500,4570668507591072323541,0.73402786112905793,True,post_hoc_exact_k12_k19; not_an_all_level_target,post_hoc_exact_k12_k19,certified_integer_interval,exact_feasible_certificate,cert_k18_C.npy,e3d998ff0e34ae16ec7f2a53be4f48bcedc3b106f5b7316f3b558e97c34522ef,True,array
18,11,12,6,59049,177147,1523556169197024107847,51098672391250520715,51098672391250579764,4570668507591072323541,0.011179693365726405,0.011179693365726419,59049,4570668507591072323541,1.2919116733565353e-17,59049,6,121,0.049586776859504134,1030489893223553358574,4570668507591072323541,0.22545714954214943,7080357228735037929934,184350296472839917049487,0.038407083493777715,True,2,121,0.016528925619834711,1030489893223553358574,1523556169197024107847,0.67637144862644827,True,post_hoc_exact_k12_k19; not_an_all_level_target,post_hoc_exact_k12_k19,certified_integer_interval,exact_feasible_certificate,cert_k18_C.npy,e3d998ff0e34ae16ec7f2a53be4f48bcedc3b106f5b7316f3b558e97c34522ef,True,array
18,12,13,5,177147,531441,1523556169197024107847,38583213237708588246,38583213237708765393,4570668507591072323541,0.0084414814099138223,0.0084414814099138605,177147,4570668507591072323541,3.8757350200696059e-17,177147,1,24,0.041666666666666664,102888568633890041048,507852056399008035949,0.20259555383793265,404963487765117994901,12188449353576192862776,0.033225185256752804,True,1,72,0.013888888888888888,308665705901670123144,507852056399008035949,0.6077866615137979,True,post_hoc_exact_k12_k19; not_an_all_level_target,post_hoc_exact_k12_k19,certified_integer_interval,exact_feasible_certificate,cert_k18_C.npy,e3d998ff0e34ae16ec7f2a53be4f48bcedc3b106f5b7316f3b558e97c34522ef,True,array
18,13,14,4,531441,1594323,1523556169197024107847,28962642814306920893,28962642814307452334,4570668507591072323541,0.0063366316691322267,0.006336631669132343,531441,4570668507591072323541,1.1627205060208817e-16,531441,6,169,0.035502958579881658,188257178292998440171,1054769655597939766971,0.17848179201389433,1733024954609882653600,59418690598683940206033,0.029166326910749312,True,2,169,0.011834319526627219,188257178292998440171,351589885199313255657,0.53544537604168296,True,post_hoc_exact_k12_k19; not_an_all_level_target,post_hoc_exact_k12_k19,certified_integer_interval,exact_feasible_certificate,cert_k18_C.npy,e3d998ff0e34ae16ec7f2a53be4f48bcedc3b106f5b7316f3b558e97c34522ef,True,array
18,14,15,3,1594323,4782969,1523556169197024107847,21504527092341685808,21504527092343280131,4570668507591072323541,0.0047048975563698109,0.0047048975563701596,1594323,4570668507591072323541,3.4881615180626455e-16,1594323,3,98,0.030612244897959183,2107443655049641452838,13712005522773216970623,0.15369332017475854,11604561867723575517785,447925513743925087707018,0.025907347341589025,True,1,98,0.01020408163265306,2107443655049641452838,4570668507591072323541,0.46107996052427563,True,post_hoc_exact_k12_k19; not_an_all_level_target,post_hoc_exact_k12_k19,certified_integer_interval,exact_feasible_certificate,cert_k18_C.npy,e3d998ff0e34ae16ec7f2a53be4f48bcedc3b106f5b7316f3b558e97c34522ef,True,array
18,15,16,2,4782969,14348907,1523556169197024107847,14747551159959751750,14747551159964534719,4570668507591072323541,0.0032265632774432615,0.003226563277444308,4782969,4570668507591072323541,1.0464484554187936e-15,4782969,2,75,0.026666666666666668,368688778999113367975,3047112338394048215694,0.12099612290416155,2678423559394934847719,114266712689776808088525,0.02344010338922236,True,2,225,0.0088888888888888889,368688778999113367975,1015704112798016071898,0.36298836871248469,True,post_hoc_exact_k12_k19; not_an_all_level_target,post_hoc_exact_k12_k19,certified_integer_interval,exact_feasible_certificate,cert_k18_C.npy,e3d998ff0e34ae16ec7f2a53be4f48bcedc3b106f5b7316f3b558e97c34522ef,True,array
18,16,17,1,14348907,43046721,1523556169197024107847,9397595923372205508,9397595923386554415,4570668507591072323541,0.0020560659579150096,0.002056065957918149,14348907,4570668507591072323541,3.1393453662563806e-15,14348907,3,128,0.0234375,400964092731159655040,4570668507591072323541,0.087725480871174349,4169704414859912668501,195015189657219085804416,0.02138143404208185,True,1,128,0.0078125,400964092731159655040,1523556169197024107847,0.26317644261352308,True,post_hoc_exact_k12_k19; not_an_all_level_target,post_hoc_exact_k12_k19,certified_integer_interval,exact_feasible_certificate,cert_k18_C.npy,e3d998ff0e34ae16ec7f2a53be4f48bcedc3b106f5b7316f3b558e97c34522ef,True,array
18,17,18,0,43046721,129140163,1523556169197024107847,6280558457316345894,6280558457359392615,4570668507591072323541,0.0013741006259555793,0.0013741006259649973,43046721,4570668507591072323541,9.4180360987691429e-15,43046721,6,289,0.020761245674740483,605027131392288155245,9141337015182144647082,0.066185846817314042,8536309883789856491837,440307732897939967167783,0.019387145048775489,True,2,289,0.006920415224913495,605027131392288155245,3047112338394048215694,0.19855754045194213,True,post_hoc_exact_k12_k19; not_an_all_level_target,post_hoc_exact_k12_k19,certified_integer_interval,exact_feasible_certificate,cert_k18_C.npy,e3d998ff0e34ae16ec7f2a53be4f48bcedc3b106f5b7316f3b558e97c34522ef,True,array
19,1,2,17,1,3,4845180013388557558821,3500640013158522368675,3500640013158522368676,14535540040165672676463,0.24083315814103201,0.24083315814103201,1,14535540040165672676463,6.8796893492551802e-23,1,6,1,6,194480000731029020482,4845180013388557558821,0.040138859690172002,9301400025315057076678,1615060004462852519607,5.7591668418589679,True,2,1,2,194480000731029020482,1615060004462852519607,0.12041657907051601,True,post_hoc_exact_k12_k19; not_an_all_level_target,post_hoc_exact_k12_k19,certified_integer_interval,exact_feasible_certificate,cert_k19_C.npy,052c7e75907c99ec4c05dca550adcf23e4dad264175d3f559f4b5a9da5b4d517,True,array
19,2,3,16,3,9,4845180013388557558821,2289755130293798872381,2289755130293798872384,14535540040165672676463,0.15752803982284658,0.15752803982284658,3,14535540040165672676463,2.0639068047765542e-22,3,3,2,1.5,4579510260587597744768,43606620120497018029389,0.10501869321523105,39027109859909420284621,29071080080331345352926,1.3424719601771535,True,1,2,0.5,4579510260587597744768,14535540040165672676463,0.31505607964569315,True,post_hoc_exact_k12_k19; not_an_all_level_target,post_hoc_exact_k12_k19,certified_integer_interval,exact_feasible_certificate,cert_k19_C.npy,052c7e75907c99ec4c05dca550adcf23e4dad264175d3f559f4b5a9da5b4d517,True,array
19,3,4,15,9,27,4845180013388557558821,1585580505661628567353,1585580505661628567362,14535540040165672676463,0.1090830131718695,0.1090830131718695,9,14535540040165672676463,6.1917204143296625e-22,9,2,3,0.66666666666666663,792790252830814283681,4845180013388557558821,0.16362451975780426,8104779521115486550280,14535540040165672676463,0.55758365349479722,True,2,9,0.22222222222222221,792790252830814283681,1615060004462852519607,0.49087355927341275,True,post_hoc_exact_k12_k19; not_an_all_level_target,post_hoc_exact_k12_k19,certified_integer_interval,exact_feasible_certificate,cert_k19_C.npy,052c7e75907c99ec4c05dca550adcf23e4dad264175d3f559f4b5a9da5b4d517,True,array
19,4,5,14,27,81,4845180013388557558821,1136809760983195396556,1136809760983195396583,14535540040165672676463,0.07820898004765417,0.07820898004765417,27,14535540040165672676463,1.8575161242988989e-21,27,3,8,0.375,9094478087865563172664,43606620120497018029389,0.20855728012707778,34512142032631454856725,116284320321325381411704,0.2967910199523458,True,1,8,0.125,9094478087865563172664,14535540040165672676463,0.62567184038123336,True,post_hoc_exact_k12_k19; not_an_all_level_target,post_hoc_exact_k12_k19,certified_integer_interval,exact_feasible_certificate,cert_k19_C.npy,052c7e75907c99ec4c05dca550adcf23e4dad264175d3f559f4b5a9da5b4d517,True,array
19,5,6,13,81,243,4845180013388557558821,850252807436631211424,850252807436631211505,14535540040165672676463,0.058494751834961077,0.058494751834961077,81,14535540040165672676463,5.5725483728966966e-21,81,6,25,0.23999999999999999,21256320185915780287625,87213240240994036058778,0.24372813264567117,65956920055078255771153,363388501004141816911575,0.18150524816503893,True,2,25,0.080000000000000002,21256320185915780287625,29071080080331345352926,0.73118439793701351,True,post_hoc_exact_k12_k19; not_an_all_level_target,post_hoc_exact_k12_k19,certified_integer_interval,exact_feasible_certificate,cert_k19_C.npy,052c7e75907c99ec4c05dca550adcf23e4dad264175d3f559f4b5a9da5b4d517,True,array
19,6,7,12,243,729,4845180013388557558821,645806751142978858838,645806751142978859081,14535540040165672676463,0.044429498275154425,0.044429498275154425,243,14535540040165672676463,1.6717645118690088e-20,243,1,6,0.16666666666666666,1291613502285957718162,4845180013388557558821,0.26657698965092658,3553566511102599840659,29071080080331345352926,0.12223716839151225,True,1,18,0.055555555555555552,1291613502285957718162,1615060004462852519607,0.79973096895277973,True,post_hoc_exact_k12_k19; not_an_all_level_target,post_hoc_exact_k12_k19,certified_integer_interval,exact_feasible_certificate,cert_k19_C.npy,052c7e75907c99ec4c05dca550adcf23e4dad264175d3f559f4b5a9da5b4d517,True,array
19,7,8,11,729,2187,4845180013388557558821,498273992847276868467,498273992847276869196,14535540040165672676463,0.034279702816022627,0.034279702816022627,729,14535540040165672676463,5.0152935356070268e-20,729,6,49,0.12244897959183673,193773219440607671354,692168573341222508403,0.27995090633085146,996790707801229674098,11305420031239967637249,0.088169276775814112,True,2,49,0.040816326530612242,193773219440607671354,230722857780407502801,0.83985271899255443,True,post_hoc_exact_k12_k19; not_an_all_level_target,post_hoc_exact_k12_k19,certified_integer_interval,exact_feasible_certificate,cert_k19_C.npy,052c7e75907c99ec4c05dca550adcf23e4dad264175d3f559f4b5a9da5b4d517,True,array
19,8,9,10,2187,6561,4845180013388557558821,386166269106448882183,386166269106448884370,14535540040165672676463,0.026567039686132464,0.026567039686132464,2187,14535540040165672676463,1.5045880606821079e-19,2187,3,32,0.09375,12357320611406364299840,43606620120497018029389,0.2833817566520796,31249299509090653729549,465137281285301525646816,0.067182960313867543,True,1,32,0.03125,12357320611406364299840,14535540040165672676463,0.85014526995623885,True,post_hoc_exact_k12_k19; not_an_all_level_target,post_hoc_exact_k12_k19,certified_integer_interval,exact_feasible_certificate,cert_k19_C.npy,052c7e75907c99ec4c05dca550adcf23e4dad264175d3f559f4b5a9da5b4d517,True,array
19,9,10,9,6561,19683,4845180013388557558821,300289733450878803075,300289733450878809636,14535540040165672676463,0.02065900080912688,0.02065900080912688,6561,14535540040165672676463,4.5137641820463242e-19,6561,2,27,0.07407407407407407,150144866725439404818,538353334820950839869,0.27889651092321288,776416936191022870102,14535540040165672676463,0.05341507326494719,True,2,81,0.024691358024691357,450434600176318214454,538353334820950839869,0.83668953276963864,True,post_hoc_exact_k12_k19; not_an_all_level_target,post_hoc_exact_k12_k19,certified_integer_interval,exact_feasible_certificate,cert_k19_C.npy,052c7e75907c99ec4c05dca550adcf23e4dad264175d3f559f4b5a9da5b4d517,True,array
19,10,11,8,19683,59049,4845180013388557558821,232798968920189840759,232798968920189860442,14535540040165672676463,0.016015845869978181,0.016015845869978181,19683,14535540040165672676463,1.3541292546138972e-18,19683,3,50,0.059999999999999998,11639948446009493022100,43606620120497018029389,0.26693076449963632,31966671674487525007289,726777002008283633823150,0.043984154130021817,True,1,50,0.02,11639948446009493022100,14535540040165672676463,0.80079229349890901,True,post_hoc_exact_k12_k19; not_an_all_level_target,post_hoc_exact_k12_k19,certified_integer_interval,exact_feasible_certificate,cert_k19_C.npy,052c7e75907c99ec4c05dca550adcf23e4dad264175d3f559f4b5a9da5b4d517,True,array
19,11,12,7,59049,177147,4845180013388557558821,179464016837932343642,179464016837932402691,14535540040165672676463,0.012346566852144756,0.012346566852144759,59049,14535540040165672676463,4.0623877638416919e-18,59049,6,121,0.049586776859504134,21715146037389820725611,87213240240994036058778,0.24898909818491932,65498094203604215333167,1758800344860046393852023,0.037240210007359373,True,2,121,0.016528925619834711,21715146037389820725611,29071080080331345352926,0.74696729455475797,True,post_hoc_exact_k12_k19; not_an_all_level_target,post_hoc_exact_k12_k19,certified_integer_interval,exact_feasible_certificate,cert_k19_C.npy,052c7e75907c99ec4c05dca550adcf23e4dad264175d3f559f4b5a9da5b4d517,True,array
19,12,13,6,177147,531441,4845180013388557558821,137360917376136810930,137360917376136988077,14535540040165672676463,0.009450004402765293,0.0094500044027653052,177147,14535540040165672676463,1.2187163291525075e-17,177147,1,24,0.041666666666666664,366295779669698634872,1615060004462852519607,0.22680010566636732,1248764224793153884735,38761440107108460470568,0.032216662263901359,True,1,72,0.013888888888888888,366295779669698634872,538353334820950839869,0.68040031699910197,True,post_hoc_exact_k12_k19; not_an_all_level_target,post_hoc_exact_k12_k19,certified_integer_interval,exact_feasible_certificate,cert_k19_C.npy,052c7e75907c99ec4c05dca550adcf23e4dad264175d3f559f4b5a9da5b4d517,True,array
19,13,14,5,531441,1594323,4845180013388557558821,104272389077954873700,104272389077955405141,14535540040165672676463,0.0071736164456099837,0.0071736164456100201,531441,14535540040165672676463,3.6561489874575226e-17,531441,6,169,0.035502958579881658,5874011251391487822943,29071080080331345352926,0.20205686321801558,23197068828939857529983,818835422262666227440749,0.028329342134271636,True,2,169,0.011834319526627219,5874011251391487822943,9690360026777115117642,0.60617058965404669,True,post_hoc_exact_k12_k19; not_an_all_level_target,post_hoc_exact_k12_k19,certified_integer_interval,exact_feasible_certificate,cert_k19_C.npy,052c7e75907c99ec4c05dca550adcf23e4dad264175d3f559f4b5a9da5b4d517,True,array
19,14,15,4,1594323,4782969,4845180013388557558821,78565060487001983690,78565060487003578013,14535540040165672676463,0.0054050320985601658,0.005405032098560276,1594323,14535540040165672676463,1.0968446962372567e-16,1594323,3,98,0.030612244897959183,1099910846818050092182,6229517160071002575627,0.17656438188630233,5129606313252952483445,203497560562319417470482,0.025207212799398908,True,1,98,0.01020408163265306,1099910846818050092182,2076505720023667525209,0.52969314565890702,True,post_hoc_exact_k12_k19; not_an_all_level_target,post_hoc_exact_k12_k19,certified_integer_interval,exact_feasible_certificate,cert_k19_C.npy,052c7e75907c99ec4c05dca550adcf23e4dad264175d3f559f4b5a9da5b4d517,True,array
19,15,16,3,4782969,14348907,4845180013388557558821,58556603658817374667,58556603658822157636,14535540040165672676463,0.0040285124252012281,0.0040285124252015577,4782969,14535540040165672676463,3.2905340887117704e-16,4782969,2,75,0.026666666666666668,731957545735276970450,4845180013388557558821,0.1510692159450584,8226444935306561176742,363388501004141816911575,0.022638154241465109,True,2,225,0.0088888888888888889,731957545735276970450,1615060004462852519607,0.4532076478351752,True,post_hoc_exact_k12_k19; not_an_all_level_target,post_hoc_exact_k12_k19,certified_integer_interval,exact_feasible_certificate,cert_k19_C.npy,052c7e75907c99ec4c05dca550adcf23e4dad264175d3f559f4b5a9da5b4d517,True,array
19,16,17,2,14348907,43046721,4845180013388557558821,40320373319872042766,40320373319886391673,14535540040165672676463,0.0027739164288671644,0.0027739164288681515,14348907,14535540040165672676463,9.8716022661353098e-16,14348907,3,128,0.0234375,5161007784945458134144,43606620120497018029389,0.1183537676317078,38445612335551559895245,1860549125141206102587264,0.020663583571131849,True,1,128,0.0078125,5161007784945458134144,14535540040165672676463,0.35506130289512339,True,post_hoc_exact_k12_k19; not_an_all_level_target,post_hoc_exact_k12_k19,certified_integer_interval,exact_feasible_certificate,cert_k19_C.npy,052c7e75907c99ec4c05dca550adcf23e4dad264175d3f559f4b5a9da5b4d517,True,array
19,17,18,1,43046721,129140163,4845180013388557558821,25813287508811517510,25813287508854564231,14535540040165672676463,0.001775873991436324,0.0017758739914392853,43046721,14535540040165672676463,2.9614806798405933e-15,43046721,6,289,0.020761245674740483,2486680030019656354253,29071080080331345352926,0.08553793058765892,26584400050311688998673,1400257023869293134499269,0.018985371683301198,True,2,289,0.006920415224913495,2486680030019656354253,9690360026777115117642,0.25661379176297672,True,post_hoc_exact_k12_k19; not_an_all_level_target,post_hoc_exact_k12_k19,certified_integer_interval,exact_feasible_certificate,cert_k19_C.npy,052c7e75907c99ec4c05dca550adcf23e4dad264175d3f559f4b5a9da5b4d517,True,array
19,18,19,0,129140163,387420489,4845180013388557558821,17402889760783692387,17402889760912832550,14535540040165672676463,0.0011972647533352561,0.0011972647533441405,129140163,14535540040165672676463,8.8844420395217792e-15,129140163,1,54,0.018518518518518517,34805779521825665100,538353334820950839869,0.064652296680583587,503547555299125174769,29071080080331345352926,0.017321253765174377,True,1,162,0.0061728395061728392,104417338565476995300,538353334820950839869,0.19395689004175076,True,post_hoc_exact_k12_k19; not_an_all_level_target,post_hoc_exact_k12_k19,certified_integer_interval,exact_feasible_certificate,cert_k19_C.npy,052c7e75907c99ec4c05dca550adcf23e4dad264175d3f559f4b5a9da5b4d517,True,array
