spec_name,threshold,k,parent_depth,child_depth,terminal_offset,first_parent_depth,weights,rho,parent_potential,persistent_potential,immigration_potential,child_potential,realized_retention,recurrence_absolute_error,mass_relative_error,parent_minimum_threshold_gap,child_minimum_threshold_gap,total_mass,source_kind,source,source_sha256,source_sha256_verified
frontier_t_1_20,1/20,20,6,7,12,6,1;1078786101/1000000000;1083682611/1000000000;536218009/500000000;67979723/62500000;545358799/500000000;274436849/250000000,0.99442979319379898,1.089705313153978,1.0742279306805964,0,1.0742279306805969,0.98579672661356055,4.4408920985006262e-16,0,7.3835298223356993e-05,3.341048985111561e-05,3614308.0465103118,uncertified_float_candidate,eigvec_k20.npy,35fa2453500ce4dec5d8a504e7dc29acd8d4088d4d3ebdc366b2f8796fb91681,True
frontier_t_1_20,1/20,20,7,8,11,6,1;1078786101/1000000000;1083682611/1000000000;536218009/500000000;67979723/62500000;545358799/500000000;274436849/250000000,0.99442979319379898,1.0742279306805969,1.0570924828139612,0.013332927689311163,1.0704254105032722,0.98404859213092777,1.1622647289044608e-16,0,3.341048985111561e-05,5.0060467318147062e-06,3614308.0465103118,uncertified_float_candidate,eigvec_k20.npy,35fa2453500ce4dec5d8a504e7dc29acd8d4088d4d3ebdc366b2f8796fb91681,True
frontier_t_1_20,1/20,20,8,9,10,6,1;1078786101/1000000000;1083682611/1000000000;536218009/500000000;67979723/62500000;545358799/500000000;274436849/250000000,0.99442979319379898,1.0704254105032722,1.0444791703933527,0.014179461900088626,1.0586586322934415,0.97576081448055252,1.5959455978986625e-16,0,5.0060467318147062e-06,5.5865371546282017e-06,3614308.0465103118,uncertified_float_candidate,eigvec_k20.npy,35fa2453500ce4dec5d8a504e7dc29acd8d4088d4d3ebdc366b2f8796fb91681,True
frontier_t_1_20,1/20,20,9,10,9,6,1;1078786101/1000000000;1083682611/1000000000;536218009/500000000;67979723/62500000;545358799/500000000;274436849/250000000,0.99442979319379898,1.0586586322934415,1.0220128546484111,0.021106195681263505,1.0431190503296748,0.96538470803790433,2.0122792321330962e-16,0,5.5865371546282017e-06,6.5300813051338835e-06,3614308.0465103118,uncertified_float_candidate,eigvec_k20.npy,35fa2453500ce4dec5d8a504e7dc29acd8d4088d4d3ebdc366b2f8796fb91681,True
frontier_t_1_20,1/20,20,10,11,8,6,1;1078786101/1000000000;1083682611/1000000000;536218009/500000000;67979723/62500000;545358799/500000000;274436849/250000000,0.99442979319379898,1.0431190503296746,0.993557669932294,0.031254062459934673,1.0248117323922286,0.9524873211914624,1.1102230246251565e-16,0,6.5300813051338835e-06,1.9445253995886702e-07,3614308.0465103118,uncertified_float_candidate,eigvec_k20.npy,35fa2453500ce4dec5d8a504e7dc29acd8d4088d4d3ebdc366b2f8796fb91681,True
frontier_t_1_20,1/20,20,11,12,7,6,1;1078786101/1000000000;1083682611/1000000000;536218009/500000000;67979723/62500000;545358799/500000000;274436849/250000000,0.99442979319379898,1.0248117323922286,0.95869357093754903,0.041661353222366554,1.0003549241599157,0.93548262635485324,8.3266726846886741e-17,0,1.9445253995886702e-07,2.8430701132231562e-07,3614308.0465103118,uncertified_float_candidate,eigvec_k20.npy,35fa2453500ce4dec5d8a504e7dc29acd8d4088d4d3ebdc366b2f8796fb91681,True
frontier_t_1_20,1/20,20,12,13,6,6,1;1078786101/1000000000;1083682611/1000000000;536218009/500000000;67979723/62500000;545358799/500000000;274436849/250000000,0.99442979319379898,1.0003549241599159,0.91143722799063132,0.055136009537986287,0.96657323752861757,0.91111385167223879,3.4694469519536142e-17,0,2.8430701132231562e-07,1.8224490153095907e-08,3614308.0465103118,uncertified_float_candidate,eigvec_k20.npy,35fa2453500ce4dec5d8a504e7dc29acd8d4088d4d3ebdc366b2f8796fb91681,True
frontier_t_1_20,1/20,20,13,14,5,6,1;1078786101/1000000000;1083682611/1000000000;536218009/500000000;67979723/62500000;545358799/500000000;274436849/250000000,0.99442979319379898,0.9665732375286179,0.85135325469936574,0.072013329005369456,0.92336658370473512,0.88079539309007526,6.9388939039072284e-17,3.8651488582220714e-16,1.8224490153095907e-08,4.8880130887329898e-08,3614308.0465103118,uncertified_float_candidate,eigvec_k20.npy,35fa2453500ce4dec5d8a504e7dc29acd8d4088d4d3ebdc366b2f8796fb91681,True
frontier_t_1_20,1/20,20,14,15,4,6,1;1078786101/1000000000;1083682611/1000000000;536218009/500000000;67979723/62500000;545358799/500000000;274436849/250000000,0.99442979319379898,0.92336658370473479,0.77579482153681123,0.090004602862998315,0.8657994243998095,0.84018074211020766,4.163336342344337e-17,5.1535318109627625e-16,4.8880130887329898e-08,5.6210613941232168e-10,3614308.0465103118,uncertified_float_candidate,eigvec_k20.npy,35fa2453500ce4dec5d8a504e7dc29acd8d4088d4d3ebdc366b2f8796fb91681,True
frontier_t_1_20,1/20,20,15,16,3,6,1;1078786101/1000000000;1083682611/1000000000;536218009/500000000;67979723/62500000;545358799/500000000;274436849/250000000,0.99442979319379898,0.86579942439980939,0.68792202388326973,0.10841316047888633,0.79633518436215622,0.79455126036859169,1.6653345369377348e-16,1.2883829527406906e-16,5.6210613941232168e-10,4.1619432761264008e-09,3614308.0465103118,uncertified_float_candidate,eigvec_k20.npy,35fa2453500ce4dec5d8a504e7dc29acd8d4088d4d3ebdc366b2f8796fb91681,True
frontier_t_1_20,1/20,20,16,17,2,6,1;1078786101/1000000000;1083682611/1000000000;536218009/500000000;67979723/62500000;545358799/500000000;274436849/250000000,0.99442979319379898,0.796335184362157,0.58146778118572839,0.11812143706780046,0.6995892182535286,0.73017969393311233,2.4980018054066022e-16,0,4.1619432761264008e-09,7.0104753946420573e-10,3614308.0465103118,uncertified_float_candidate,eigvec_k20.npy,35fa2453500ce4dec5d8a504e7dc29acd8d4088d4d3ebdc366b2f8796fb91681,True
frontier_t_1_20,1/20,20,17,18,1,6,1;1078786101/1000000000;1083682611/1000000000;536218009/500000000;67979723/62500000;545358799/500000000;274436849/250000000,0.99442979319379898,0.69958921825352904,0.45246637304862891,0.11950714601259599,0.57197351906122473,0.64676007182926087,1.6653345369377348e-16,3.8651488582220714e-16,7.0104753946420573e-10,1.6416976111877091e-10,3614308.0465103118,uncertified_float_candidate,eigvec_k20.npy,35fa2453500ce4dec5d8a504e7dc29acd8d4088d4d3ebdc366b2f8796fb91681,True
frontier_t_1_20,1/20,20,18,19,0,6,1;1078786101/1000000000;1083682611/1000000000;536218009/500000000;67979723/62500000;545358799/500000000;274436849/250000000,0.99442979319379898,0.57197351906122451,0.33731921072814475,0.13436942114963304,0.47168863187777776,0.58974620237976061,2.7755575615628914e-17,1.0307063621925525e-15,1.6416976111877091e-10,2.1812289474620883e-10,3614308.0465103118,uncertified_float_candidate,eigvec_k20.npy,35fa2453500ce4dec5d8a504e7dc29acd8d4088d4d3ebdc366b2f8796fb91681,True
frontier_t_1_10,1/10,20,3,4,15,3,1;1103526563/1000000000;1098866751/1000000000;137889213/125000000;546296993/500000000;275665131/250000000,0.99958918106233585,1.1027078467920295,1.1024366326955357,0,1.1024366326955359,0.99975404718731009,2.2204460492503131e-16,0,0.016797883546601278,0.0016527138851666345,3614308.0465103118,uncertified_float_candidate,eigvec_k20.npy,35fa2453500ce4dec5d8a504e7dc29acd8d4088d4d3ebdc366b2f8796fb91681,True
frontier_t_1_10,1/10,20,4,5,14,3,1;1103526563/1000000000;1098866751/1000000000;137889213/125000000;546296993/500000000;275665131/250000000,0.99958918106233585,1.1024366326955359,1.1000147978831178,0,1.1000147978831181,0.99780319816977003,2.2204460492503131e-16,0,0.0016527138851666345,0.00090987607957593308,3614308.0465103118,uncertified_float_candidate,eigvec_k20.npy,35fa2453500ce4dec5d8a504e7dc29acd8d4088d4d3ebdc366b2f8796fb91681,True
frontier_t_1_10,1/10,20,5,6,13,3,1;1103526563/1000000000;1098866751/1000000000;137889213/125000000;546296993/500000000;275665131/250000000,0.99958918106233585,1.1000147978831178,1.073702914832555,0,1.073702914832555,0.97608042809860573,0,0,0.00090987607957593308,7.3835298223356993e-05,3614308.0465103118,uncertified_float_candidate,eigvec_k20.npy,35fa2453500ce4dec5d8a504e7dc29acd8d4088d4d3ebdc366b2f8796fb91681,True
frontier_t_1_10,1/10,20,6,7,12,3,1;1103526563/1000000000;1098866751/1000000000;137889213/125000000;546296993/500000000;275665131/250000000,0.99958918106233585,1.073702914832555,1.0318652823743732,0.017261551568071989,1.0491268339424453,0.96103425642212548,8.6736173798840355e-17,0,7.3835298223356993e-05,3.341048985111561e-05,3614308.0465103118,uncertified_float_candidate,eigvec_k20.npy,35fa2453500ce4dec5d8a504e7dc29acd8d4088d4d3ebdc366b2f8796fb91681,True
frontier_t_1_10,1/10,20,7,8,11,3,1;1103526563/1000000000;1098866751/1000000000;137889213/125000000;546296993/500000000;275665131/250000000,0.99958918106233585,1.0491268339424453,0.99140679565010326,0.036165194134309103,1.0275719897844124,0.94498278337287422,8.3266726846886741e-17,0,3.341048985111561e-05,5.0060467318147062e-06,3614308.0465103118,uncertified_float_candidate,eigvec_k20.npy,35fa2453500ce4dec5d8a504e7dc29acd8d4088d4d3ebdc366b2f8796fb91681,True
frontier_t_1_10,1/10,20,8,9,10,3,1;1103526563/1000000000;1098866751/1000000000;137889213/125000000;546296993/500000000;275665131/250000000,0.99958918106233585,1.0275719897844124,0.94477730761449663,0.04776647297883585,0.99254378059333237,0.91942687909653287,1.1102230246251565e-16,0,5.0060467318147062e-06,5.5865371546282017e-06,3614308.0465103118,uncertified_float_candidate,eigvec_k20.npy,35fa2453500ce4dec5d8a504e7dc29acd8d4088d4d3ebdc366b2f8796fb91681,True
frontier_t_1_10,1/10,20,9,10,9,3,1;1103526563/1000000000;1098866751/1000000000;137889213/125000000;546296993/500000000;275665131/250000000,0.99958918106233585,0.99254378059333248,0.87989287110205017,0.069063002595666848,0.94895587369771695,0.88650283071247415,6.9388939039072284e-17,0,5.5865371546282017e-06,6.5300813051338835e-06,3614308.0465103118,uncertified_float_candidate,eigvec_k20.npy,35fa2453500ce4dec5d8a504e7dc29acd8d4088d4d3ebdc366b2f8796fb91681,True
frontier_t_1_10,1/10,20,10,11,8,3,1;1103526563/1000000000;1098866751/1000000000;137889213/125000000;546296993/500000000;275665131/250000000,0.99958918106233585,0.94895587369771672,0.80310042233182666,0.088881054776246762,0.89198147710807341,0.84629901620446546,1.3877787807814457e-17,0,6.5300813051338835e-06,1.9445253995886702e-07,3614308.0465103118,uncertified_float_candidate,eigvec_k20.npy,35fa2453500ce4dec5d8a504e7dc29acd8d4088d4d3ebdc366b2f8796fb91681,True
frontier_t_1_10,1/10,20,11,12,7,3,1;1103526563/1000000000;1098866751/1000000000;137889213/125000000;546296993/500000000;275665131/250000000,0.99958918106233585,0.8919814771080733,0.71208275020692802,0.10876183257580704,0.82084458278273509,0.7983156247992933,2.7755575615628914e-17,0,1.9445253995886702e-07,2.8430701132231562e-07,3614308.0465103118,uncertified_float_candidate,eigvec_k20.npy,35fa2453500ce4dec5d8a504e7dc29acd8d4088d4d3ebdc366b2f8796fb91681,True
frontier_t_1_10,1/10,20,12,13,6,3,1;1103526563/1000000000;1098866751/1000000000;137889213/125000000;546296993/500000000;275665131/250000000,0.99958918106233585,0.82084458278273509,0.61237450624515255,0.12369911208221761,0.73607361832737017,0.74602978333504899,1.3877787807814457e-17,0,2.8430701132231562e-07,1.8224490153095907e-08,3614308.0465103118,uncertified_float_candidate,eigvec_k20.npy,35fa2453500ce4dec5d8a504e7dc29acd8d4088d4d3ebdc366b2f8796fb91681,True
frontier_t_1_10,1/10,20,13,14,5,3,1;1103526563/1000000000;1098866751/1000000000;137889213/125000000;546296993/500000000;275665131/250000000,0.99958918106233585,0.73607361832737039,0.50994398351802295,0.13079534132115028,0.64073932483917329,0.69278937706910748,5.5511151231257827e-17,3.8651488582220714e-16,1.8224490153095907e-08,4.8880130887329898e-08,3614308.0465103118,uncertified_float_candidate,eigvec_k20.npy,35fa2453500ce4dec5d8a504e7dc29acd8d4088d4d3ebdc366b2f8796fb91681,True
frontier_t_1_10,1/10,20,14,15,4,3,1;1103526563/1000000000;1098866751/1000000000;137889213/125000000;546296993/500000000;275665131/250000000,0.99958918106233585,0.64073932483917329,0.40805421999836305,0.12771583935932387,0.53577005935768696,0.63684903388875869,2.7755575615628914e-17,5.1535318109627625e-16,4.8880130887329898e-08,5.6210613941232168e-10,3614308.0465103118,uncertified_float_candidate,eigvec_k20.npy,35fa2453500ce4dec5d8a504e7dc29acd8d4088d4d3ebdc366b2f8796fb91681,True
frontier_t_1_10,1/10,20,15,16,3,3,1;1103526563/1000000000;1098866751/1000000000;137889213/125000000;546296993/500000000;275665131/250000000,0.99958918106233585,0.53577005935768662,0.31705861541677482,0.117509770627698,0.43456838604447284,0.59178113796968002,1.3877787807814457e-17,1.2883829527406906e-16,5.6210613941232168e-10,4.1619432761264008e-09,3614308.0465103118,uncertified_float_candidate,eigvec_k20.npy,35fa2453500ce4dec5d8a504e7dc29acd8d4088d4d3ebdc366b2f8796fb91681,True
frontier_t_1_10,1/10,20,16,17,2,3,1;1103526563/1000000000;1098866751/1000000000;137889213/125000000;546296993/500000000;275665131/250000000,0.99958918106233585,0.43456838604447284,0.23298993038800517,0.091791917946481325,0.32478184833448653,0.53614100305069468,4.163336342344337e-17,0,4.1619432761264008e-09,7.0104753946420573e-10,3614308.0465103118,uncertified_float_candidate,eigvec_k20.npy,35fa2453500ce4dec5d8a504e7dc29acd8d4088d4d3ebdc366b2f8796fb91681,True
frontier_t_1_10,1/10,20,17,18,1,3,1;1103526563/1000000000;1098866751/1000000000;137889213/125000000;546296993/500000000;275665131/250000000,0.99958918106233585,0.3247818483344867,0.15557935257180019,0.063222902201950287,0.21880225477375048,0.47902724049889622,0,3.8651488582220714e-16,7.0104753946420573e-10,1.6416976111877091e-10,3614308.0465103118,uncertified_float_candidate,eigvec_k20.npy,35fa2453500ce4dec5d8a504e7dc29acd8d4088d4d3ebdc366b2f8796fb91681,True
frontier_t_1_10,1/10,20,18,19,0,3,1;1103526563/1000000000;1098866751/1000000000;137889213/125000000;546296993/500000000;275665131/250000000,0.99958918106233585,0.21880225477375043,0.095927807570782356,0.049051186507032288,0.14497899407781467,0.43842239043640219,2.7755575615628914e-17,1.0307063621925525e-15,1.6416976111877091e-10,2.1812289474620883e-10,3614308.0465103118,uncertified_float_candidate,eigvec_k20.npy,35fa2453500ce4dec5d8a504e7dc29acd8d4088d4d3ebdc366b2f8796fb91681,True
frontier_t_3_20,3/20,20,3,4,15,3,69915253/62500000;133475237/125000000;1114108653/1000000000;1;1109159419/1000000000,0.99555767385283922,1.1096762369780404,1.106719658027967,0,1.1067196580279668,0.99733563822351912,2.2204460492503131e-16,0,0.016797883546601278,0.0016527138851666345,3614308.0465103118,uncertified_float_candidate,eigvec_k20.npy,35fa2453500ce4dec5d8a504e7dc29acd8d4088d4d3ebdc366b2f8796fb91681,True
frontier_t_3_20,3/20,20,4,5,14,3,69915253/62500000;133475237/125000000;1114108653/1000000000;1;1109159419/1000000000,0.99555767385283922,1.1067196580279668,1.0805126600084356,0,1.0805126600084356,0.97632011157529386,0,0,0.0016527138851666345,0.00090987607957593308,3614308.0465103118,uncertified_float_candidate,eigvec_k20.npy,35fa2453500ce4dec5d8a504e7dc29acd8d4088d4d3ebdc366b2f8796fb91681,True
frontier_t_3_20,3/20,20,5,6,13,3,69915253/62500000;133475237/125000000;1114108653/1000000000;1;1109159419/1000000000,0.99555767385283922,1.0805126600084356,1.0349089890704948,0.012500812115665793,1.0474098011861606,0.95779441312831559,1.0408340855860843e-17,0,0.00090987607957593308,7.3835298223356993e-05,3614308.0465103118,uncertified_float_candidate,eigvec_k20.npy,35fa2453500ce4dec5d8a504e7dc29acd8d4088d4d3ebdc366b2f8796fb91681,True
frontier_t_3_20,3/20,20,6,7,12,3,69915253/62500000;133475237/125000000;1114108653/1000000000;1;1109159419/1000000000,0.99555767385283922,1.0474098011861606,0.96340887108090245,0.033526893626570388,0.99693576470747303,0.91980127547963597,1.8735013540549517e-16,0,7.3835298223356993e-05,3.341048985111561e-05,3614308.0465103118,uncertified_float_candidate,eigvec_k20.npy,35fa2453500ce4dec5d8a504e7dc29acd8d4088d4d3ebdc366b2f8796fb91681,True
frontier_t_3_20,3/20,20,7,8,11,3,69915253/62500000;133475237/125000000;1114108653/1000000000;1;1109159419/1000000000,0.99555767385283922,0.99693576470747303,0.87520240196416499,0.062104075782793935,0.93730647774695908,0.87789247105702162,1.5265566588595902e-16,0,3.341048985111561e-05,5.0060467318147062e-06,3614308.0465103118,uncertified_float_candidate,eigvec_k20.npy,35fa2453500ce4dec5d8a504e7dc29acd8d4088d4d3ebdc366b2f8796fb91681,True
frontier_t_3_20,3/20,20,8,9,10,3,69915253/62500000;133475237/125000000;1114108653/1000000000;1;1109159419/1000000000,0.99555767385283922,0.93730647774695897,0.77567123790485759,0.09016416131823933,0.86583539922309682,0.82755348044683263,9.7144514654701197e-17,0,5.0060467318147062e-06,5.5865371546282017e-06,3614308.0465103118,uncertified_float_candidate,eigvec_k20.npy,35fa2453500ce4dec5d8a504e7dc29acd8d4088d4d3ebdc366b2f8796fb91681,True
frontier_t_3_20,3/20,20,9,10,9,3,69915253/62500000;133475237/125000000;1114108653/1000000000;1;1109159419/1000000000,0.99555767385283922,0.86583539922309694,0.66307164221996506,0.12117756776786137,0.78424920998782643,0.76581720130053677,0,0,5.5865371546282017e-06,6.5300813051338835e-06,3614308.0465103118,uncertified_float_candidate,eigvec_k20.npy,35fa2453500ce4dec5d8a504e7dc29acd8d4088d4d3ebdc366b2f8796fb91681,True
frontier_t_3_20,3/20,20,10,11,8,3,69915253/62500000;133475237/125000000;1114108653/1000000000;1;1109159419/1000000000,0.99555767385283922,0.78424920998782643,0.5566036812409253,0.14042833394877757,0.69703201518970281,0.70972807387280024,5.5511151231257827e-17,0,6.5300813051338835e-06,1.9445253995886702e-07,3614308.0465103118,uncertified_float_candidate,eigvec_k20.npy,35fa2453500ce4dec5d8a504e7dc29acd8d4088d4d3ebdc366b2f8796fb91681,True
frontier_t_3_20,3/20,20,11,12,7,3,69915253/62500000;133475237/125000000;1114108653/1000000000;1;1109159419/1000000000,0.99555767385283922,0.69703201518970281,0.45705881216903577,0.14646626761925891,0.60352507978829473,0.65572140476882335,5.5511151231257827e-17,0,1.9445253995886702e-07,2.8430701132231562e-07,3614308.0465103118,uncertified_float_candidate,eigvec_k20.npy,35fa2453500ce4dec5d8a504e7dc29acd8d4088d4d3ebdc366b2f8796fb91681,True
frontier_t_3_20,3/20,20,12,13,6,3,69915253/62500000;133475237/125000000;1114108653/1000000000;1;1109159419/1000000000,0.99555767385283922,0.60352507978829473,0.369131800364359,0.1378775246266061,0.50700932499096507,0.61162628153554699,2.7755575615628914e-17,0,2.8430701132231562e-07,1.8224490153095907e-08,3614308.0465103118,uncertified_float_candidate,eigvec_k20.npy,35fa2453500ce4dec5d8a504e7dc29acd8d4088d4d3ebdc366b2f8796fb91681,True
frontier_t_3_20,3/20,20,13,14,5,3,69915253/62500000;133475237/125000000;1114108653/1000000000;1;1109159419/1000000000,0.99555767385283922,0.50700932499096529,0.29066156057551068,0.12065538556482061,0.41131694614033132,0.57328641949670289,2.7755575615628914e-17,3.8651488582220714e-16,1.8224490153095907e-08,4.8880130887329898e-08,3614308.0465103118,uncertified_float_candidate,eigvec_k20.npy,35fa2453500ce4dec5d8a504e7dc29acd8d4088d4d3ebdc366b2f8796fb91681,True
frontier_t_3_20,3/20,20,14,15,4,3,69915253/62500000;133475237/125000000;1114108653/1000000000;1;1109159419/1000000000,0.99555767385283922,0.4113169461403311,0.22155531085335264,0.098801072787184002,0.32035638364053665,0.5386486332069661,0,5.1535318109627625e-16,4.8880130887329898e-08,5.6210613941232168e-10,3614308.0465103118,uncertified_float_candidate,eigvec_k20.npy,35fa2453500ce4dec5d8a504e7dc29acd8d4088d4d3ebdc366b2f8796fb91681,True
frontier_t_3_20,3/20,20,15,16,3,3,69915253/62500000;133475237/125000000;1114108653/1000000000;1;1109159419/1000000000,0.99555767385283922,0.32035638364053665,0.16384831637620439,0.078368741919816201,0.24221705829602061,0.51145638027945217,1.3877787807814457e-17,1.2883829527406906e-16,5.6210613941232168e-10,4.1619432761264008e-09,3614308.0465103118,uncertified_float_candidate,eigvec_k20.npy,35fa2453500ce4dec5d8a504e7dc29acd8d4088d4d3ebdc366b2f8796fb91681,True
frontier_t_3_20,3/20,20,16,17,2,3,69915253/62500000;133475237/125000000;1114108653/1000000000;1;1109159419/1000000000,0.99555767385283922,0.24221705829602055,0.11394436775142987,0.051440061824307354,0.16538442957573721,0.47042255633447222,1.3877787807814457e-17,0,4.1619432761264008e-09,7.0104753946420573e-10,3614308.0465103118,uncertified_float_candidate,eigvec_k20.npy,35fa2453500ce4dec5d8a504e7dc29acd8d4088d4d3ebdc366b2f8796fb91681,True
frontier_t_3_20,3/20,20,17,18,1,3,69915253/62500000;133475237/125000000;1114108653/1000000000;1;1109159419/1000000000,0.99555767385283922,0.16538442957573721,0.070563889939040669,0.029200706529016355,0.099764596468057021,0.42666586038394982,3.4694469519536142e-18,3.8651488582220714e-16,7.0104753946420573e-10,1.6416976111877091e-10,3614308.0465103118,uncertified_float_candidate,eigvec_k20.npy,35fa2453500ce4dec5d8a504e7dc29acd8d4088d4d3ebdc366b2f8796fb91681,True
frontier_t_3_20,3/20,20,18,19,0,3,69915253/62500000;133475237/125000000;1114108653/1000000000;1;1109159419/1000000000,0.99555767385283922,0.099764596468057007,0.03821886887533478,0.017782558654067859,0.056001427529402646,0.38309049731456424,6.9388939039072284e-18,1.0307063621925525e-15,1.6416976111877091e-10,2.1812289474620883e-10,3614308.0465103118,uncertified_float_candidate,eigvec_k20.npy,35fa2453500ce4dec5d8a504e7dc29acd8d4088d4d3ebdc366b2f8796fb91681,True
frontier_t_1_5,1/5,20,3,4,15,3,123743071/100000000;174128157/125000000;1;684092097/500000000,0.98216754438096454,1.3707781928764358,1.3614726105010035,0,1.3614726105010035,0.99321146015906092,0,0,0.016797883546601278,0.0016527138851666345,3614308.0465103118,uncertified_float_candidate,eigvec_k20.npy,35fa2453500ce4dec5d8a504e7dc29acd8d4088d4d3ebdc366b2f8796fb91681,True
frontier_t_1_5,1/5,20,4,5,14,3,123743071/100000000;174128157/125000000;1;684092097/500000000,0.98216754438096454,1.3614726105010035,1.2498239600474013,0,1.249823960047401,0.91799420010916188,2.2204460492503131e-16,0,0.0016527138851666345,0.00090987607957593308,3614308.0465103118,uncertified_float_candidate,eigvec_k20.npy,35fa2453500ce4dec5d8a504e7dc29acd8d4088d4d3ebdc366b2f8796fb91681,True
frontier_t_1_5,1/5,20,5,6,13,3,123743071/100000000;174128157/125000000;1;684092097/500000000,0.98216754438096454,1.249823960047401,1.098276094152046,0.055470480089109458,1.1537465742411552,0.87874463065213804,1.9428902930940239e-16,0,0.00090987607957593308,7.3835298223356993e-05,3614308.0465103118,uncertified_float_candidate,eigvec_k20.npy,35fa2453500ce4dec5d8a504e7dc29acd8d4088d4d3ebdc366b2f8796fb91681,True
frontier_t_1_5,1/5,20,6,7,12,3,123743071/100000000;174128157/125000000;1;684092097/500000000,0.98216754438096454,1.1537465742411552,0.95135661525821502,0.10258500618196598,1.0539416214401809,0.82458022974754519,1.1102230246251565e-16,0,7.3835298223356993e-05,3.341048985111561e-05,3614308.0465103118,uncertified_float_candidate,eigvec_k20.npy,35fa2453500ce4dec5d8a504e7dc29acd8d4088d4d3ebdc366b2f8796fb91681,True
frontier_t_1_5,1/5,20,7,8,11,3,123743071/100000000;174128157/125000000;1;684092097/500000000,0.98216754438096454,1.0539416214401809,0.81031355576803887,0.129909938584753,0.94022349435279196,0.76884102428820367,8.3266726846886741e-17,0,3.341048985111561e-05,5.0060467318147062e-06,3614308.0465103118,uncertified_float_candidate,eigvec_k20.npy,35fa2453500ce4dec5d8a504e7dc29acd8d4088d4d3ebdc366b2f8796fb91681,True
frontier_t_1_5,1/5,20,8,9,10,3,123743071/100000000;174128157/125000000;1;684092097/500000000,0.98216754438096454,0.94022349435279196,0.66544162492979464,0.15801319875865785,0.82345482368845246,0.70774834805404974,2.7755575615628914e-17,0,5.0060467318147062e-06,5.5865371546282017e-06,3614308.0465103118,uncertified_float_candidate,eigvec_k20.npy,35fa2453500ce4dec5d8a504e7dc29acd8d4088d4d3ebdc366b2f8796fb91681,True
frontier_t_1_5,1/5,20,9,10,9,3,123743071/100000000;174128157/125000000;1;684092097/500000000,0.98216754438096454,0.82345482368845258,0.54840848327965763,0.17028346256765262,0.71869194584731022,0.66598490591530435,2.7755575615628914e-17,0,5.5865371546282017e-06,6.5300813051338835e-06,3614308.0465103118,uncertified_float_candidate,eigvec_k20.npy,35fa2453500ce4dec5d8a504e7dc29acd8d4088d4d3ebdc366b2f8796fb91681,True
frontier_t_1_5,1/5,20,10,11,8,3,123743071/100000000;174128157/125000000;1;684092097/500000000,0.98216754438096454,0.71869194584731,0.44545678418393392,0.16221218597220408,0.60766897015613797,0.61981602376071931,2.7755575615628914e-17,0,6.5300813051338835e-06,1.9445253995886702e-07,3614308.0465103118,uncertified_float_candidate,eigvec_k20.npy,35fa2453500ce4dec5d8a504e7dc29acd8d4088d4d3ebdc366b2f8796fb91681,True
frontier_t_1_5,1/5,20,11,12,7,3,123743071/100000000;174128157/125000000;1;684092097/500000000,0.98216754438096454,0.60766897015613786,0.35418857720972285,0.14437354976419248,0.49856212697391528,0.58286434655157016,5.5511151231257827e-17,0,1.9445253995886702e-07,2.8430701132231562e-07,3614308.0465103118,uncertified_float_candidate,eigvec_k20.npy,35fa2453500ce4dec5d8a504e7dc29acd8d4088d4d3ebdc366b2f8796fb91681,True
frontier_t_1_5,1/5,20,12,13,6,3,123743071/100000000;174128157/125000000;1;684092097/500000000,0.98216754438096454,0.49856212697391528,0.27569637814634479,0.11918044987620999,0.39487682802255475,0.55298299495735503,2.7755575615628914e-17,0,2.8430701132231562e-07,1.8224490153095907e-08,3614308.0465103118,uncertified_float_candidate,eigvec_k20.npy,35fa2453500ce4dec5d8a504e7dc29acd8d4088d4d3ebdc366b2f8796fb91681,True
frontier_t_1_5,1/5,20,13,14,5,3,123743071/100000000;174128157/125000000;1;684092097/500000000,0.98216754438096454,0.39487682802255469,0.20894573898757934,0.093479469255704092,0.30242520824328345,0.52914155544129504,1.3877787807814457e-17,3.8651488582220714e-16,1.8224490153095907e-08,4.8880130887329898e-08,3614308.0465103118,uncertified_float_candidate,eigvec_k20.npy,35fa2453500ce4dec5d8a504e7dc29acd8d4088d4d3ebdc366b2f8796fb91681,True
frontier_t_1_5,1/5,20,14,15,4,3,123743071/100000000;174128157/125000000;1;684092097/500000000,0.98216754438096454,0.30242520824328339,0.15340323575574547,0.069178869534380127,0.22258210529012559,0.50724354840268981,0,5.1535318109627625e-16,4.8880130887329898e-08,5.6210613941232168e-10,3614308.0465103118,uncertified_float_candidate,eigvec_k20.npy,35fa2453500ce4dec5d8a504e7dc29acd8d4088d4d3ebdc366b2f8796fb91681,True
frontier_t_1_5,1/5,20,15,16,3,3,123743071/100000000;174128157/125000000;1;684092097/500000000,0.98216754438096454,0.22258210529012556,0.10896734036553644,0.050015499811874142,0.1589828401774106,0.48956020172197812,1.3877787807814457e-17,1.2883829527406906e-16,5.6210613941232168e-10,4.1619432761264008e-09,3614308.0465103118,uncertified_float_candidate,eigvec_k20.npy,35fa2453500ce4dec5d8a504e7dc29acd8d4088d4d3ebdc366b2f8796fb91681,True
frontier_t_1_5,1/5,20,16,17,2,3,123743071/100000000;174128157/125000000;1;684092097/500000000,0.98216754438096454,0.15898284017741057,0.07135673692501919,0.02852967703265695,0.09988641395767614,0.44883294854583977,0,0,4.1619432761264008e-09,7.0104753946420573e-10,3614308.0465103118,uncertified_float_candidate,eigvec_k20.npy,35fa2453500ce4dec5d8a504e7dc29acd8d4088d4d3ebdc366b2f8796fb91681,True
frontier_t_1_5,1/5,20,17,18,1,3,123743071/100000000;174128157/125000000;1;684092097/500000000,0.98216754438096454,0.09988641395767614,0.039906775507268469,0.014311721607429526,0.054218497114697992,0.39952155579614423,3.4694469519536142e-18,3.8651488582220714e-16,7.0104753946420573e-10,1.6416976111877091e-10,3614308.0465103118,uncertified_float_candidate,eigvec_k20.npy,35fa2453500ce4dec5d8a504e7dc29acd8d4088d4d3ebdc366b2f8796fb91681,True
frontier_t_1_5,1/5,20,18,19,0,3,123743071/100000000;174128157/125000000;1;684092097/500000000,0.98216754438096454,0.054218497114697985,0.018240198381269529,0.0071675743321247256,0.025407772713394259,0.33642021361608027,4.3368086899420177e-18,1.0307063621925525e-15,1.6416976111877091e-10,2.1812289474620883e-10,3614308.0465103118,uncertified_float_candidate,eigvec_k20.npy,35fa2453500ce4dec5d8a504e7dc29acd8d4088d4d3ebdc366b2f8796fb91681,True
frontier_t_1_4,1/4,20,3,4,15,3,363208209/250000000;1;1246903523/1000000000,0.85825670517815855,1.2684074509136778,1.1795260499052345,0,1.1795260499052345,0.92992677475647201,0,0,0.016797883546601278,0.0016527138851666345,3614308.0465103118,uncertified_float_candidate,eigvec_k20.npy,35fa2453500ce4dec5d8a504e7dc29acd8d4088d4d3ebdc366b2f8796fb91681,True
frontier_t_1_4,1/4,20,4,5,14,3,363208209/250000000;1;1246903523/1000000000,0.85825670517815855,1.1795260499052345,0.97838475229151767,0.056973947234298959,1.0353586995258166,0.82947278050376516,2.0816681711721685e-17,0,0.0016527138851666345,0.00090987607957593308,3614308.0465103118,uncertified_float_candidate,eigvec_k20.npy,35fa2453500ce4dec5d8a504e7dc29acd8d4088d4d3ebdc366b2f8796fb91681,True
frontier_t_1_4,1/4,20,5,6,13,3,363208209/250000000;1;1246903523/1000000000,0.85825670517815855,1.0353586995258166,0.79907706374701104,0.13377637897981234,0.93285344272682336,0.77178765592347842,2.7755575615628914e-17,0,0.00090987607957593308,7.3835298223356993e-05,3614308.0465103118,uncertified_float_candidate,eigvec_k20.npy,35fa2453500ce4dec5d8a504e7dc29acd8d4088d4d3ebdc366b2f8796fb91681,True
frontier_t_1_4,1/4,20,6,7,12,3,363208209/250000000;1;1246903523/1000000000,0.85825670517815855,0.93285344272682336,0.66774407849444473,0.1605303131977758,0.82827439169222061,0.71580813009872424,8.3266726846886741e-17,0,7.3835298223356993e-05,3.341048985111561e-05,3614308.0465103118,uncertified_float_candidate,eigvec_k20.npy,35fa2453500ce4dec5d8a504e7dc29acd8d4088d4d3ebdc366b2f8796fb91681,True
frontier_t_1_4,1/4,20,7,8,11,3,363208209/250000000;1;1246903523/1000000000,0.85825670517815855,0.82827439169222061,0.58235176406306599,0.17719464695476977,0.75954641101783582,0.70309038876993646,5.5511151231257827e-17,0,3.341048985111561e-05,5.0060467318147062e-06,3614308.0465103118,uncertified_float_candidate,eigvec_k20.npy,35fa2453500ce4dec5d8a504e7dc29acd8d4088d4d3ebdc366b2f8796fb91681,True
frontier_t_1_4,1/4,20,8,9,10,3,363208209/250000000;1;1246903523/1000000000,0.85825670517815855,0.75954641101783571,0.49670516955684346,0.16370514013024706,0.66041030968709036,0.65394972887993785,1.6653345369377348e-16,0,5.0060467318147062e-06,5.5865371546282017e-06,3614308.0465103118,uncertified_float_candidate,eigvec_k20.npy,35fa2453500ce4dec5d8a504e7dc29acd8d4088d4d3ebdc366b2f8796fb91681,True
frontier_t_1_4,1/4,20,9,10,9,3,363208209/250000000;1;1246903523/1000000000,0.85825670517815855,0.66041030968709069,0.41097185810151998,0.15171644500114553,0.56268830310266549,0.6222977625776962,2.7755575615628914e-17,0,5.5865371546282017e-06,6.5300813051338835e-06,3614308.0465103118,uncertified_float_candidate,eigvec_k20.npy,35fa2453500ce4dec5d8a504e7dc29acd8d4088d4d3ebdc366b2f8796fb91681,True
frontier_t_1_4,1/4,20,10,11,8,3,363208209/250000000;1;1246903523/1000000000,0.85825670517815855,0.56268830310266538,0.32806087431332903,0.13009472321370588,0.45815559752703494,0.58302415832069043,2.7755575615628914e-17,0,6.5300813051338835e-06,1.9445253995886702e-07,3614308.0465103118,uncertified_float_candidate,eigvec_k20.npy,35fa2453500ce4dec5d8a504e7dc29acd8d4088d4d3ebdc366b2f8796fb91681,True
frontier_t_1_4,1/4,20,11,12,7,3,363208209/250000000;1;1246903523/1000000000,0.85825670517815855,0.45815559752703483,0.25182078684742143,0.10665877553914568,0.35847956238656709,0.54964031478969766,2.7755575615628914e-17,0,1.9445253995886702e-07,2.8430701132231562e-07,3614308.0465103118,uncertified_float_candidate,eigvec_k20.npy,35fa2453500ce4dec5d8a504e7dc29acd8d4088d4d3ebdc366b2f8796fb91681,True
frontier_t_1_4,1/4,20,12,13,6,3,363208209/250000000;1;1246903523/1000000000,0.85825670517815855,0.3584795623865672,0.18868884196142602,0.082175066804011779,0.27086390876543787,0.52635871541807178,6.9388939039072284e-17,0,2.8430701132231562e-07,1.8224490153095907e-08,3614308.0465103118,uncertified_float_candidate,eigvec_k20.npy,35fa2453500ce4dec5d8a504e7dc29acd8d4088d4d3ebdc366b2f8796fb91681,True
frontier_t_1_4,1/4,20,13,14,5,3,363208209/250000000;1;1246903523/1000000000,0.85825670517815855,0.27086390876543781,0.13702030788336614,0.060327776881760747,0.19734808476512689,0.50586402783555307,0,3.8651488582220714e-16,1.8224490153095907e-08,4.8880130887329898e-08,3614308.0465103118,uncertified_float_candidate,eigvec_k20.npy,35fa2453500ce4dec5d8a504e7dc29acd8d4088d4d3ebdc366b2f8796fb91681,True
frontier_t_1_4,1/4,20,14,15,4,3,363208209/250000000;1;1246903523/1000000000,0.85825670517815855,0.19734808476512697,0.096360211836380688,0.042997368574078626,0.13935758041045931,0.48827538382783603,0,5.1535318109627625e-16,4.8880130887329898e-08,5.6210613941232168e-10,3614308.0465103118,uncertified_float_candidate,eigvec_k20.npy,35fa2453500ce4dec5d8a504e7dc29acd8d4088d4d3ebdc366b2f8796fb91681,True
frontier_t_1_4,1/4,20,15,16,3,3,363208209/250000000;1;1246903523/1000000000,0.85825670517815855,0.13935758041045926,0.065488108525181762,0.029720904336079868,0.095209012861261627,0.46992857031741819,3.4694469519536142e-18,1.2883829527406906e-16,5.6210613941232168e-10,4.1619432761264008e-09,3614308.0465103118,uncertified_float_candidate,eigvec_k20.npy,35fa2453500ce4dec5d8a504e7dc29acd8d4088d4d3ebdc366b2f8796fb91681,True
frontier_t_1_4,1/4,20,16,17,2,3,363208209/250000000;1;1246903523/1000000000,0.85825670517815855,0.095209012861261599,0.039974408735220346,0.015277210567723593,0.055251619302943936,0.41985950209851436,3.4694469519536142e-18,0,4.1619432761264008e-09,7.0104753946420573e-10,3614308.0465103118,uncertified_float_candidate,eigvec_k20.npy,35fa2453500ce4dec5d8a504e7dc29acd8d4088d4d3ebdc366b2f8796fb91681,True
frontier_t_1_4,1/4,20,17,18,1,3,363208209/250000000;1;1246903523/1000000000,0.85825670517815855,0.055251619302943943,0.01991069759949763,0.007367360610998722,0.027278058210496354,0.36036405540130007,1.7347234759768071e-18,3.8651488582220714e-16,7.0104753946420573e-10,1.6416976111877091e-10,3614308.0465103118,uncertified_float_candidate,eigvec_k20.npy,35fa2453500ce4dec5d8a504e7dc29acd8d4088d4d3ebdc366b2f8796fb91681,True
frontier_t_1_4,1/4,20,18,19,0,3,363208209/250000000;1;1246903523/1000000000,0.85825670517815855,0.027278058210496343,0.0076620753846574283,0.0029140228076587294,0.010576098192316157,0.28088785959512075,8.6736173798840355e-19,1.0307063621925525e-15,1.6416976111877091e-10,2.1812289474620883e-10,3614308.0465103118,uncertified_float_candidate,eigvec_k20.npy,35fa2453500ce4dec5d8a504e7dc29acd8d4088d4d3ebdc366b2f8796fb91681,True
frontier_t_3_10,3/10,20,2,3,16,2,1;1,0.89466555297873085,1,0.89557616834434017,0,0.89557616834434017,0.89557616834434017,0,0,0.45267281505722579,0.016797883546601278,3614308.0465103118,uncertified_float_candidate,eigvec_k20.npy,35fa2453500ce4dec5d8a504e7dc29acd8d4088d4d3ebdc366b2f8796fb91681,True
frontier_t_3_10,3/10,20,3,4,15,2,1;1,0.89466555297873085,0.89557616834434017,0.7462403639203421,0.072761575336400708,0.81900193925674269,0.8332516990709159,1.1102230246251565e-16,0,0.016797883546601278,0.0016527138851666345,3614308.0465103118,uncertified_float_candidate,eigvec_k20.npy,35fa2453500ce4dec5d8a504e7dc29acd8d4088d4d3ebdc366b2f8796fb91681,True
frontier_t_3_10,3/10,20,4,5,14,2,1;1,0.89466555297873085,0.81900193925674269,0.62638670181634115,0.14904100455215294,0.77542770636849423,0.76481711677605679,1.3877787807814457e-16,0,0.0016527138851666345,0.00090987607957593308,3614308.0465103118,uncertified_float_candidate,eigvec_k20.npy,35fa2453500ce4dec5d8a504e7dc29acd8d4088d4d3ebdc366b2f8796fb91681,True
frontier_t_3_10,3/10,20,5,6,13,2,1;1,0.89466555297873085,0.77542770636849401,0.56373090614423704,0.13849195175363935,0.70222285789787631,0.72699350502230353,8.3266726846886741e-17,0,0.00090987607957593308,7.3835298223356993e-05,3614308.0465103118,uncertified_float_candidate,eigvec_k20.npy,35fa2453500ce4dec5d8a504e7dc29acd8d4088d4d3ebdc366b2f8796fb91681,True
frontier_t_3_10,3/10,20,6,7,12,2,1;1,0.89466555297873085,0.70222285789787631,0.49452215858401177,0.14071848751132898,0.63524064609534081,0.70422395543257821,5.5511151231257827e-17,0,7.3835298223356993e-05,3.341048985111561e-05,3614308.0465103118,uncertified_float_candidate,eigvec_k20.npy,35fa2453500ce4dec5d8a504e7dc29acd8d4088d4d3ebdc366b2f8796fb91681,True
frontier_t_3_10,3/10,20,7,8,11,2,1;1,0.89466555297873085,0.63524064609534081,0.42338032812872572,0.13242264348143457,0.55580297161016023,0.66648809507252815,5.5511151231257827e-17,0,3.341048985111561e-05,5.0060467318147062e-06,3614308.0465103118,uncertified_float_candidate,eigvec_k20.npy,35fa2453500ce4dec5d8a504e7dc29acd8d4088d4d3ebdc366b2f8796fb91681,True
frontier_t_3_10,3/10,20,8,9,10,2,1;1,0.89466555297873085,0.55580297161016023,0.35435360323652498,0.11775078143576069,0.47210438467228566,0.63755255249888865,1.3877787807814457e-17,0,5.0060467318147062e-06,5.5865371546282017e-06,3614308.0465103118,uncertified_float_candidate,eigvec_k20.npy,35fa2453500ce4dec5d8a504e7dc29acd8d4088d4d3ebdc366b2f8796fb91681,True
frontier_t_3_10,3/10,20,9,10,9,2,1;1,0.89466555297873085,0.47210438467228577,0.28051354585579508,0.098303551734015657,0.37881709758981075,0.59417695527338799,1.3877787807814457e-17,0,5.5865371546282017e-06,6.5300813051338835e-06,3614308.0465103118,uncertified_float_candidate,eigvec_k20.npy,35fa2453500ce4dec5d8a504e7dc29acd8d4088d4d3ebdc366b2f8796fb91681,True
frontier_t_3_10,3/10,20,10,11,8,2,1;1,0.89466555297873085,0.37881709758981069,0.21379747039734359,0.074687408510187375,0.28848487890753094,0.56438178677153317,2.7755575615628914e-17,0,6.5300813051338835e-06,1.9445253995886702e-07,3614308.0465103118,uncertified_float_candidate,eigvec_k20.npy,35fa2453500ce4dec5d8a504e7dc29acd8d4088d4d3ebdc366b2f8796fb91681,True
frontier_t_3_10,3/10,20,11,12,7,2,1;1,0.89466555297873085,0.28848487890753094,0.15688610303118844,0.057196834640093848,0.21408293767128225,0.54382782080400027,3.4694469519536142e-17,0,1.9445253995886702e-07,2.8430701132231562e-07,3614308.0465103118,uncertified_float_candidate,eigvec_k20.npy,35fa2453500ce4dec5d8a504e7dc29acd8d4088d4d3ebdc366b2f8796fb91681,True
frontier_t_3_10,3/10,20,12,13,6,2,1;1,0.89466555297873085,0.21408293767128231,0.11224691831531323,0.041501500600113081,0.15374841891542632,0.52431510673524517,0,0,2.8430701132231562e-07,1.8224490153095907e-08,3614308.0465103118,uncertified_float_candidate,eigvec_k20.npy,35fa2453500ce4dec5d8a504e7dc29acd8d4088d4d3ebdc366b2f8796fb91681,True
frontier_t_3_10,3/10,20,13,14,5,2,1;1,0.89466555297873085,0.15374841891542632,0.077926659561816977,0.028853988610949708,0.10678064817276668,0.50684527432235094,3.4694469519536142e-18,3.8651488582220714e-16,1.8224490153095907e-08,4.8880130887329898e-08,3614308.0465103118,uncertified_float_candidate,eigvec_k20.npy,35fa2453500ce4dec5d8a504e7dc29acd8d4088d4d3ebdc366b2f8796fb91681,True
frontier_t_3_10,3/10,20,14,15,4,2,1;1,0.89466555297873085,0.10678064817276675,0.052286526061787623,0.019261244488348244,0.071547770550135864,0.4896629394606235,3.4694469519536142e-18,5.1535318109627625e-16,4.8880130887329898e-08,5.6210613941232168e-10,3614308.0465103118,uncertified_float_candidate,eigvec_k20.npy,35fa2453500ce4dec5d8a504e7dc29acd8d4088d4d3ebdc366b2f8796fb91681,True
frontier_t_3_10,3/10,20,15,16,3,2,1;1,0.89466555297873085,0.071547770550135864,0.033531050053804447,0.012743697266712112,0.046274747320516563,0.46865261902616717,3.4694469519536142e-18,1.2883829527406906e-16,5.6210613941232168e-10,4.1619432761264008e-09,3614308.0465103118,uncertified_float_candidate,eigvec_k20.npy,35fa2453500ce4dec5d8a504e7dc29acd8d4088d4d3ebdc366b2f8796fb91681,True
frontier_t_3_10,3/10,20,16,17,2,2,1;1,0.89466555297873085,0.046274747320516549,0.01892989384640156,0.0058329025414332273,0.024762796387834785,0.40907611478212719,1.7347234759768071e-18,0,4.1619432761264008e-09,7.0104753946420573e-10,3614308.0465103118,uncertified_float_candidate,eigvec_k20.npy,35fa2453500ce4dec5d8a504e7dc29acd8d4088d4d3ebdc366b2f8796fb91681,True
frontier_t_3_10,3/10,20,17,18,1,2,1;1,0.89466555297873085,0.024762796387834796,0.0079753171987139593,0.0024510937749100945,0.010426410973624053,0.32206852060666252,4.3368086899420177e-19,3.8651488582220714e-16,7.0104753946420573e-10,1.6416976111877091e-10,3614308.0465103118,uncertified_float_candidate,eigvec_k20.npy,35fa2453500ce4dec5d8a504e7dc29acd8d4088d4d3ebdc366b2f8796fb91681,True
frontier_t_3_10,3/10,20,18,19,0,2,1;1,0.89466555297873085,0.01042641097362405,0.0022235727657168494,0.00075581062316027565,0.0029793833888771253,0.21326348743991355,3.2526065174565133e-19,1.0307063621925525e-15,1.6416976111877091e-10,2.1812289474620883e-10,3614308.0465103118,uncertified_float_candidate,eigvec_k20.npy,35fa2453500ce4dec5d8a504e7dc29acd8d4088d4d3ebdc366b2f8796fb91681,True
frontier_t_2_5,2/5,20,2,3,16,2,1,0.89466555297873085,1,0.89557616834434017,0,0.89557616834434017,0.89557616834434017,0,0,0.45267281505722579,0.016797883546601278,3614308.0465103118,uncertified_float_candidate,eigvec_k20.npy,35fa2453500ce4dec5d8a504e7dc29acd8d4088d4d3ebdc366b2f8796fb91681,True
frontier_t_2_5,2/5,20,3,4,15,2,1,0.89466555297873085,0.89557616834434017,0.7462403639203421,0.072761575336400708,0.81900193925674269,0.8332516990709159,1.1102230246251565e-16,0,0.016797883546601278,0.0016527138851666345,3614308.0465103118,uncertified_float_candidate,eigvec_k20.npy,35fa2453500ce4dec5d8a504e7dc29acd8d4088d4d3ebdc366b2f8796fb91681,True
frontier_t_2_5,2/5,20,4,5,14,2,1,0.89466555297873085,0.81900193925674269,0.61526074460923019,0.083234045963886297,0.69849479057311648,0.75123234160787111,1.3877787807814457e-17,0,0.0016527138851666345,0.00090987607957593308,3614308.0465103118,uncertified_float_candidate,eigvec_k20.npy,35fa2453500ce4dec5d8a504e7dc29acd8d4088d4d3ebdc366b2f8796fb91681,True
frontier_t_2_5,2/5,20,5,6,13,2,1,0.89466555297873085,0.69849479057311636,0.501959493255551,0.1054554891144845,0.60741498237003544,0.71863026042569655,6.9388939039072284e-17,0,0.00090987607957593308,7.3835298223356993e-05,3614308.0465103118,uncertified_float_candidate,eigvec_k20.npy,35fa2453500ce4dec5d8a504e7dc29acd8d4088d4d3ebdc366b2f8796fb91681,True
frontier_t_2_5,2/5,20,6,7,12,2,1,0.89466555297873085,0.60741498237003544,0.41730645747081579,0.099633281248492758,0.51693973871930854,0.68702035607115453,1.3877787807814457e-17,0,7.3835298223356993e-05,3.341048985111561e-05,3614308.0465103118,uncertified_float_candidate,eigvec_k20.npy,35fa2453500ce4dec5d8a504e7dc29acd8d4088d4d3ebdc366b2f8796fb91681,True
frontier_t_2_5,2/5,20,7,8,11,2,1,0.89466555297873085,0.51693973871930865,0.32883755589404096,0.089522756782403651,0.41836031267644458,0.63612357739940617,2.7755575615628914e-17,0,3.341048985111561e-05,5.0060467318147062e-06,3614308.0465103118,uncertified_float_candidate,eigvec_k20.npy,35fa2453500ce4dec5d8a504e7dc29acd8d4088d4d3ebdc366b2f8796fb91681,True
frontier_t_2_5,2/5,20,8,9,10,2,1,0.89466555297873085,0.41836031267644452,0.24843108959212554,0.064525616439174316,0.31295670603129988,0.59382088134220212,2.7755575615628914e-17,0,5.0060467318147062e-06,5.5865371546282017e-06,3614308.0465103118,uncertified_float_candidate,eigvec_k20.npy,35fa2453500ce4dec5d8a504e7dc29acd8d4088d4d3ebdc366b2f8796fb91681,True
frontier_t_2_5,2/5,20,9,10,9,2,1,0.89466555297873085,0.31295670603129999,0.17829148619081256,0.04893055557406701,0.22722204176487956,0.56970016221023545,6.9388939039072284e-18,0,5.5865371546282017e-06,6.5300813051338835e-06,3614308.0465103118,uncertified_float_candidate,eigvec_k20.npy,35fa2453500ce4dec5d8a504e7dc29acd8d4088d4d3ebdc366b2f8796fb91681,True
frontier_t_2_5,2/5,20,10,11,8,2,1,0.89466555297873085,0.22722204176487948,0.12036317475119371,0.035763610804581646,0.15612678555577533,0.5297161041961802,2.0816681711721685e-17,0,6.5300813051338835e-06,1.9445253995886702e-07,3614308.0465103118,uncertified_float_candidate,eigvec_k20.npy,35fa2453500ce4dec5d8a504e7dc29acd8d4088d4d3ebdc366b2f8796fb91681,True
frontier_t_2_5,2/5,20,11,12,7,2,1,0.89466555297873085,0.15612678555577536,0.077617450212799699,0.02634574823206997,0.10396319844486968,0.49714371519595096,6.9388939039072284e-18,0,1.9445253995886702e-07,2.8430701132231562e-07,3614308.0465103118,uncertified_float_candidate,eigvec_k20.npy,35fa2453500ce4dec5d8a504e7dc29acd8d4088d4d3ebdc366b2f8796fb91681,True
frontier_t_2_5,2/5,20,12,13,6,2,1,0.89466555297873085,0.10396319844486969,0.049124632416830606,0.018074422929815356,0.067199055346645969,0.47251944102970966,6.9388939039072284e-18,0,2.8430701132231562e-07,1.8224490153095907e-08,3614308.0465103118,uncertified_float_candidate,eigvec_k20.npy,35fa2453500ce4dec5d8a504e7dc29acd8d4088d4d3ebdc366b2f8796fb91681,True
frontier_t_2_5,2/5,20,13,14,5,2,1,0.89466555297873085,0.067199055346645956,0.030227584855005186,0.012163820771629806,0.042391405626634987,0.44982157411404605,5.2041704279304213e-18,3.8651488582220714e-16,1.8224490153095907e-08,4.8880130887329898e-08,3614308.0465103118,uncertified_float_candidate,eigvec_k20.npy,35fa2453500ce4dec5d8a504e7dc29acd8d4088d4d3ebdc366b2f8796fb91681,True
frontier_t_2_5,2/5,20,14,15,4,2,1,0.89466555297873085,0.042391405626634994,0.018234193313157197,0.0073770183502541633,0.025611211663411362,0.43013891716061547,1.7347234759768071e-18,5.1535318109627625e-16,4.8880130887329898e-08,5.6210613941232168e-10,3614308.0465103118,uncertified_float_candidate,eigvec_k20.npy,35fa2453500ce4dec5d8a504e7dc29acd8d4088d4d3ebdc366b2f8796fb91681,True
frontier_t_2_5,2/5,20,15,16,3,2,1,0.89466555297873085,0.025611211663411352,0.010399492205324386,0.0043756106067690771,0.014775102812093464,0.40605233137724955,8.6736173798840355e-19,1.2883829527406906e-16,5.6210613941232168e-10,4.1619432761264008e-09,3614308.0465103118,uncertified_float_candidate,eigvec_k20.npy,35fa2453500ce4dec5d8a504e7dc29acd8d4088d4d3ebdc366b2f8796fb91681,True
frontier_t_2_5,2/5,20,16,17,2,2,1,0.89466555297873085,0.014775102812093465,0.0049924410642406304,0.0012344756471230213,0.006226916711363651,0.3378955211163947,6.5052130349130266e-19,0,4.1619432761264008e-09,7.0104753946420573e-10,3614308.0465103118,uncertified_float_candidate,eigvec_k20.npy,35fa2453500ce4dec5d8a504e7dc29acd8d4088d4d3ebdc366b2f8796fb91681,True
frontier_t_2_5,2/5,20,17,18,1,2,1,0.89466555297873085,0.0062269167113636528,0.0010604200987544392,0.0001898789662491379,0.001250299065003577,0.17029617512295492,2.7105054312137611e-20,3.8651488582220714e-16,7.0104753946420573e-10,1.6416976111877091e-10,3614308.0465103118,uncertified_float_candidate,eigvec_k20.npy,35fa2453500ce4dec5d8a504e7dc29acd8d4088d4d3ebdc366b2f8796fb91681,True
frontier_t_2_5,2/5,20,18,19,0,2,1,0.89466555297873085,0.001250299065003577,6.0583761970242466e-06,8.3879678769638402e-07,6.8971729847206303e-06,0.004845541652074189,3.1763735522036263e-22,1.0307063621925525e-15,1.6416976111877091e-10,2.1812289474620883e-10,3614308.0465103118,uncertified_float_candidate,eigvec_k20.npy,35fa2453500ce4dec5d8a504e7dc29acd8d4088d4d3ebdc366b2f8796fb91681,True
preregistered_t_1_5,1/5,20,3,4,15,3,31/25;69/50;1;34/25,0.98550724637681164,1.3620884766331134,1.3535354981213328,0,1.3535354981213326,0.99372068800337965,2.2204460492503131e-16,0,0.016797883546601278,0.0016527138851666345,3614308.0465103118,uncertified_float_candidate,eigvec_k20.npy,35fa2453500ce4dec5d8a504e7dc29acd8d4088d4d3ebdc366b2f8796fb91681,True
preregistered_t_1_5,1/5,20,4,5,14,3,31/25;69/50;1;34/25,0.98550724637681164,1.3535354981213326,1.2436000168507704,0,1.2436000168507704,0.91877901878218238,0,0,0.0016527138851666345,0.00090987607957593308,3614308.0465103118,uncertified_float_candidate,eigvec_k20.npy,35fa2453500ce4dec5d8a504e7dc29acd8d4088d4d3ebdc366b2f8796fb91681,True
preregistered_t_1_5,1/5,20,5,6,13,3,31/25;69/50;1;34/25,0.98550724637681164,1.2436000168507702,1.0931201723945676,0.055244649582036051,1.1483648219766036,0.87899658859986984,4.163336342344337e-17,0,0.00090987607957593308,7.3835298223356993e-05,3614308.0465103118,uncertified_float_candidate,eigvec_k20.npy,35fa2453500ce4dec5d8a504e7dc29acd8d4088d4d3ebdc366b2f8796fb91681,True
preregistered_t_1_5,1/5,20,6,7,12,3,31/25;69/50;1;34/25,0.98550724637681164,1.1483648219766036,0.94718880391743909,0.10227971969109217,1.0494685236085313,0.82481523797211609,0,0,7.3835298223356993e-05,3.341048985111561e-05,3614308.0465103118,uncertified_float_candidate,eigvec_k20.npy,35fa2453500ce4dec5d8a504e7dc29acd8d4088d4d3ebdc366b2f8796fb91681,True
preregistered_t_1_5,1/5,20,7,8,11,3,31/25;69/50;1;34/25,0.98550724637681164,1.0494685236085313,0.80659809363715662,0.12957927053866605,0.93617736417582265,0.76857769003277965,2.7755575615628914e-17,0,3.341048985111561e-05,5.0060467318147062e-06,3614308.0465103118,uncertified_float_candidate,eigvec_k20.npy,35fa2453500ce4dec5d8a504e7dc29acd8d4088d4d3ebdc366b2f8796fb91681,True
preregistered_t_1_5,1/5,20,8,9,10,3,31/25;69/50;1;34/25,0.98550724637681164,0.93617736417582254,0.66252721581922458,0.15764004086679087,0.82016725668601531,0.70769411990909448,1.3877787807814457e-16,0,5.0060467318147062e-06,5.5865371546282017e-06,3614308.0465103118,uncertified_float_candidate,eigvec_k20.npy,35fa2453500ce4dec5d8a504e7dc29acd8d4088d4d3ebdc366b2f8796fb91681,True
preregistered_t_1_5,1/5,20,9,10,9,3,31/25;69/50;1;34/25,0.98550724637681164,0.82016725668601542,0.5461080873879729,0.16985633861673435,0.71596442600470711,0.66584965802535012,1.3877787807814457e-16,0,5.5865371546282017e-06,6.5300813051338835e-06,3614308.0465103118,uncertified_float_candidate,eigvec_k20.npy,35fa2453500ce4dec5d8a504e7dc29acd8d4088d4d3ebdc366b2f8796fb91681,True
preregistered_t_1_5,1/5,20,10,11,8,3,31/25;69/50;1;34/25,0.98550724637681164,0.71596442600470689,0.4436881090751485,0.16180984966004675,0.6054979587351953,0.61970691972932135,5.5511151231257827e-17,0,6.5300813051338835e-06,1.9445253995886702e-07,3614308.0465103118,uncertified_float_candidate,eigvec_k20.npy,35fa2453500ce4dec5d8a504e7dc29acd8d4088d4d3ebdc366b2f8796fb91681,True
preregistered_t_1_5,1/5,20,11,12,7,3,31/25;69/50;1;34/25,0.98550724637681164,0.6054979587351953,0.35286262438789756,0.14405902688663827,0.49692165127453586,0.58276435006483041,2.7755575615628914e-17,0,1.9445253995886702e-07,2.8430701132231562e-07,3614308.0465103118,uncertified_float_candidate,eigvec_k20.npy,35fa2453500ce4dec5d8a504e7dc29acd8d4088d4d3ebdc366b2f8796fb91681,True
preregistered_t_1_5,1/5,20,12,13,6,3,31/25;69/50;1;34/25,0.98550724637681164,0.4969216512745358,0.27471006834382072,0.11896471108789146,0.3936747794317122,0.55282370498292255,1.3877787807814457e-17,0,2.8430701132231562e-07,1.8224490153095907e-08,3614308.0465103118,uncertified_float_candidate,eigvec_k20.npy,35fa2453500ce4dec5d8a504e7dc29acd8d4088d4d3ebdc366b2f8796fb91681,True
preregistered_t_1_5,1/5,20,13,14,5,3,31/25;69/50;1;34/25,0.98550724637681164,0.39367477943171214,0.208229223104444,0.0933452523040805,0.3015744754085245,0.52893716840340288,0,3.8651488582220714e-16,1.8224490153095907e-08,4.8880130887329898e-08,3614308.0465103118,uncertified_float_candidate,eigvec_k20.npy,35fa2453500ce4dec5d8a504e7dc29acd8d4088d4d3ebdc366b2f8796fb91681,True
preregistered_t_1_5,1/5,20,14,15,4,3,31/25;69/50;1;34/25,0.98550724637681164,0.30157447540852445,0.15289463985217064,0.069098213805939182,0.22199285365810981,0.50698799905082703,1.3877787807814457e-17,5.1535318109627625e-16,4.8880130887329898e-08,5.6210613941232168e-10,3614308.0465103118,uncertified_float_candidate,eigvec_k20.npy,35fa2453500ce4dec5d8a504e7dc29acd8d4088d4d3ebdc366b2f8796fb91681,True
preregistered_t_1_5,1/5,20,15,16,3,3,31/25;69/50;1;34/25,0.98550724637681164,0.22199285365810978,0.10861706035595549,0.04997141178565203,0.15858847214160754,0.48928178797699562,2.0816681711721685e-17,1.2883829527406906e-16,5.6210613941232168e-10,4.1619432761264008e-09,3614308.0465103118,uncertified_float_candidate,eigvec_k20.npy,35fa2453500ce4dec5d8a504e7dc29acd8d4088d4d3ebdc366b2f8796fb91681,True
preregistered_t_1_5,1/5,20,16,17,2,3,31/25;69/50;1;34/25,0.98550724637681164,0.15858847214160751,0.071150375425111378,0.028519097233916369,0.099669472659027758,0.44864783968395555,1.0408340855860843e-17,0,4.1619432761264008e-09,7.0104753946420573e-10,3614308.0465103118,uncertified_float_candidate,eigvec_k20.npy,35fa2453500ce4dec5d8a504e7dc29acd8d4088d4d3ebdc366b2f8796fb91681,True
preregistered_t_1_5,1/5,20,17,18,1,3,31/25;69/50;1;34/25,0.98550724637681164,0.099669472659027758,0.039804426844857431,0.014312558995192966,0.054116985840050397,0.39936427657272316,0,3.8651488582220714e-16,7.0104753946420573e-10,1.6416976111877091e-10,3614308.0465103118,uncertified_float_candidate,eigvec_k20.npy,35fa2453500ce4dec5d8a504e7dc29acd8d4088d4d3ebdc366b2f8796fb91681,True
preregistered_t_1_5,1/5,20,18,19,0,3,31/25;69/50;1;34/25,0.98550724637681164,0.054116985840050397,0.018201869433321315,0.0071691969583769647,0.025371066391698279,0.33634300119964633,8.6736173798840355e-19,1.0307063621925525e-15,1.6416976111877091e-10,2.1812289474620883e-10,3614308.0465103118,uncertified_float_candidate,eigvec_k20.npy,35fa2453500ce4dec5d8a504e7dc29acd8d4088d4d3ebdc366b2f8796fb91681,True
