k,parent_depth,child_depth,terminal_offset,parent_node_count,child_node_count,martingale_increment_num,martingale_increment_den,martingale_increment_decimal,envelope_num,envelope_den,envelope_decimal,increment_over_envelope_num,increment_over_envelope_den,increment_over_envelope_decimal,envelope_slack_num,envelope_slack_den,envelope_slack_decimal,envelope_applies,passes_envelope,envelope_scope,source_kind,source,source_sha256,source_sha256_verified,source_sha256_kind
12,1,2,10,1,3,1749241037241225532,4121881237567520223,0.424379291014,9,20,0.45,34984820744824510640,37096931138107682007,0.943065091141,2112110393283171367,82437624751350404460,0.0256207089864,False,True,post_hoc_k12_through_float_k20,exact_feasible_certificate,cert_k12.json,a6386bfc8d0410a3dd82a98d765690e53c620259e6b7c4a5359f150ce6d1459f,True,manifest
12,2,3,9,3,9,445292429378635512,1373960412522506741,0.324094075288,81,200,0.405,9895387319525233600,12365643712702560669,0.800232284661,22232307538595943621,274792082504501348200,0.0809059247121,True,True,post_hoc_k12_through_float_k20,exact_feasible_certificate,cert_k12.json,a6386bfc8d0410a3dd82a98d765690e53c620259e6b7c4a5359f150ce6d1459f,True,manifest
12,3,4,8,9,27,1021969315699470356,4121881237567520223,0.247937593734,729,2000,0.3645,2043938631398940712000,3004851422186722242567,0.680212877185,960912790787781530567,8243762475135040446000,0.116562406266,True,True,post_hoc_k12_through_float_k20,exact_feasible_certificate,cert_k12.json,a6386bfc8d0410a3dd82a98d765690e53c620259e6b7c4a5359f150ce6d1459f,True,manifest
12,4,5,7,27,81,813078451263700802,4121881237567520223,0.197259067984,6561,20000,0.32805,16261569025274016040000,27043662799680500183103,0.601307934718,10782093774406484143103,82437624751350404460000,0.130790932016,True,True,post_hoc_k12_through_float_k20,exact_feasible_certificate,cert_k12.json,a6386bfc8d0410a3dd82a98d765690e53c620259e6b7c4a5359f150ce6d1459f,True,manifest
12,5,6,6,81,243,663502693872710134,4121881237567520223,0.160970842106,59049,200000,0.295245,132700538774542026800000,243392965197124501647927,0.545211069133,110692426422582474847927,824376247513504044600000,0.134274157894,True,True,post_hoc_k12_through_float_k20,exact_feasible_certificate,cert_k12.json,a6386bfc8d0410a3dd82a98d765690e53c620259e6b7c4a5359f150ce6d1459f,True,manifest
12,6,7,5,243,729,181279422301537914,1373960412522506741,0.131939334386,531441,2000000,0.2657205,120852948201025276000000,243392965197124501647927,0.496534269604,367620050988297676943781,2747920825045013482000000,0.133781165614,True,True,post_hoc_k12_through_float_k20,exact_feasible_certificate,cert_k12.json,a6386bfc8d0410a3dd82a98d765690e53c620259e6b7c4a5359f150ce6d1459f,True,manifest
12,7,8,4,729,2187,150566595953480904,1373960412522506741,0.109585832737,4782969,20000000,0.23914845,1003777306356539360000000,2190536686774120514831343,0.458233506162,3560278141252743464494029,27479208250450134820000000,0.129562617263,True,True,post_hoc_k12_through_float_k20,exact_feasible_certificate,cert_k12.json,a6386bfc8d0410a3dd82a98d765690e53c620259e6b7c4a5359f150ce6d1459f,True,manifest
12,8,9,3,2187,6561,377645143697219662,4121881237567520223,0.0916196081186,43046721,200000000,0.215233605,75529028739443932400000000,177433471628703761701338783,0.425675201224,101904442889259829301338783,824376247513504044600000000,0.123613996881,True,True,post_hoc_k12_through_float_k20,exact_feasible_certificate,cert_k12.json,a6386bfc8d0410a3dd82a98d765690e53c620259e6b7c4a5359f150ce6d1459f,True,manifest
12,9,10,2,6561,19683,8209025582916946,111402195609932979,0.073688184851,387420489,2000000000,0.1937102445,16418051165833892000000000,43159493098873887981406731,0.380404170369,26741441933039995981406731,222804391219865958000000000,0.120022059649,True,True,post_hoc_k12_through_float_k20,exact_feasible_certificate,cert_k12.json,a6386bfc8d0410a3dd82a98d765690e53c620259e6b7c4a5359f150ce6d1459f,True,manifest
12,10,11,1,19683,59049,230372911133227174,4121881237567520223,0.05589023503,3486784401,20000000000,0.17433922005,4607458222664543480000000000,14372111201925004697808441423,0.320583257249,9764652979260461217808441423,82437624751350404460000000000,0.11844898502,True,True,post_hoc_k12_through_float_k20,exact_feasible_certificate,cert_k12.json,a6386bfc8d0410a3dd82a98d765690e53c620259e6b7c4a5359f150ce6d1459f,True,manifest
12,11,12,0,59049,177147,60854842841652422,1373960412522506741,0.0442915547544,31381059609,200000000000,0.156905298045,12170968568330484400000000000,43116333605775014093425324269,0.282282085476,30945365037444529693425324269,274792082504501348200000000000,0.112613743291,True,True,post_hoc_k12_through_float_k20,exact_feasible_certificate,cert_k12.json,a6386bfc8d0410a3dd82a98d765690e53c620259e6b7c4a5359f150ce6d1459f,True,manifest
13,1,2,11,1,3,1437115481946543847,3356491115191757370,0.42816007331,9,20,0.45,2874230963893087694,3020842003672581633,0.951466829579,146611039779493939,6712982230383514740,0.0218399266895,False,True,post_hoc_k12_through_float_k20,exact_feasible_certificate,cert_k13.json,32f22a8bfc6e7962443ce0da0fd28bdb5d2a56748e0ea832a9135a45391fc7b7,True,manifest
13,2,3,10,3,9,147660891738208397,447532148692234316,0.32994476971,81,200,0.405,7383044586910419850,9062526011017744899,0.814678443729,1679481424107325049,22376607434611715800,0.0750552302897,True,True,post_hoc_k12_through_float_k20,exact_feasible_certificate,cert_k13.json,32f22a8bfc6e7962443ce0da0fd28bdb5d2a56748e0ea832a9135a45391fc7b7,True,manifest
13,3,4,9,9,27,427277048812012553,1678245557595878685,0.254597455586,729,2000,0.3645,170910819524805021200,244688202297479112273,0.698484103116,73777382772674091073,671298223038351474000,0.109902544414,True,True,post_hoc_k12_through_float_k20,exact_feasible_certificate,cert_k13.json,32f22a8bfc6e7962443ce0da0fd28bdb5d2a56748e0ea832a9135a45391fc7b7,True,manifest
13,4,5,8,27,81,1369964213197519399,6712982230383514740,0.204076841884,6561,20000,0.32805,1369964213197519399000,2202193820677312010457,0.622090662654,832229607479792611457,6712982230383514740000,0.123973158116,True,True,post_hoc_k12_through_float_k20,exact_feasible_certificate,cert_k13.json,32f22a8bfc6e7962443ce0da0fd28bdb5d2a56748e0ea832a9135a45391fc7b7,True,manifest
13,5,6,7,81,243,225291808465275907,1342596446076702948,0.167803072266,59049,200000,0.295245,11264590423263795350000,19819744386095808094113,0.56835195267,8555153962832012744113,67129822303835147400000,0.127441927734,True,True,post_hoc_k12_through_float_k20,exact_feasible_certificate,cert_k13.json,32f22a8bfc6e7962443ce0da0fd28bdb5d2a56748e0ea832a9135a45391fc7b7,True,manifest
13,6,7,6,243,729,185979792888080069,1342596446076702948,0.138522482635,531441,2000000,0.2657205,92989896444040034500000,178377699474862272847017,0.521308979305,85387803030822238347017,671298223038351474000000,0.127198017365,True,True,post_hoc_k12_through_float_k20,exact_feasible_certificate,cert_k13.json,32f22a8bfc6e7962443ce0da0fd28bdb5d2a56748e0ea832a9135a45391fc7b7,True,manifest
13,7,8,5,729,2187,194404082032318124,1678245557595878685,0.11583768606,4782969,20000000,0.23914845,777616328129272496000000,1605399295273760455623153,0.484375650605,827782967144487959623153,6712982230383514740000000,0.12331076394,True,True,post_hoc_k12_through_float_k20,exact_feasible_certificate,cert_k13.json,32f22a8bfc6e7962443ce0da0fd28bdb5d2a56748e0ea832a9135a45391fc7b7,True,manifest
13,8,9,4,2187,6561,130711589399583803,1342596446076702948,0.0973573181886,43046721,200000000,0.215233605,6535579469979190150000000,14448593657463844100608377,0.452333259895,7913014187484653950608377,67129822303835147400000000,0.117876286811,True,True,post_hoc_k12_through_float_k20,exact_feasible_certificate,cert_k13.json,32f22a8bfc6e7962443ce0da0fd28bdb5d2a56748e0ea832a9135a45391fc7b7,True,manifest
13,9,10,3,6561,19683,91530236341366877,1118830371730585790,0.0818088591926,387420489,2000000000,0.1937102445,18306047268273375400000000,43345780972391532301825131,0.422325930174,25039733704118156901825131,223766074346117158000000000,0.111901385307,True,True,post_hoc_k12_through_float_k20,exact_feasible_certificate,cert_k13.json,32f22a8bfc6e7962443ce0da0fd28bdb5d2a56748e0ea832a9135a45391fc7b7,True,manifest
13,10,11,2,19683,59049,148386951703574317,2237660743461171580,0.0663134267056,3486784401,20000000000,0.17433922005,148386951703574317000000000,390112028751523790716426179,0.38037010081,241725077047949473716426179,2237660743461171580000000000,0.108025793344,True,True,post_hoc_k12_through_float_k20,exact_feasible_certificate,cert_k13.json,32f22a8bfc6e7962443ce0da0fd28bdb5d2a56748e0ea832a9135a45391fc7b7,True,manifest
13,11,12,1,59049,177147,341158897122148999,6712982230383514740,0.0508207657065,31381059609,200000000000,0.156905298045,3411588971221489990000000000,10533024776291142349343506833,0.323894516882,7121435805069652359343506833,67129822303835147400000000000,0.106084532339,True,True,post_hoc_k12_through_float_k20,exact_feasible_certificate,cert_k13.json,32f22a8bfc6e7962443ce0da0fd28bdb5d2a56748e0ea832a9135a45391fc7b7,True,manifest
13,12,13,0,177147,531441,272721195194791069,6712982230383514740,0.0406259373011,282429536481,2000000000000,0.14121476824,27272119519479106900000000000,94797222986620281144091561497,0.287689013035,67525103467141174244091561497,671298223038351474000000000000,0.100588830939,True,True,post_hoc_k12_through_float_k20,exact_feasible_certificate,cert_k13.json,32f22a8bfc6e7962443ce0da0fd28bdb5d2a56748e0ea832a9135a45391fc7b7,True,manifest
14,1,2,12,1,3,3150859527638305139,7298076425478075582,0.431738357335,9,20,0.45,31508595276383051390,32841343914651340119,0.959418571855,1332748638268288729,72980764254780755820,0.0182616426654,False,True,post_hoc_k12_through_float_k20,exact_feasible_certificate,cert_k14.json,08ac51b3f259798b9bf979388ec5f7f590c26025cc323ee331867d20d616285f,True,manifest
14,2,3,11,3,9,2448383160673011121,7298076425478075582,0.335483354508,81,200,0.405,244838316067301112100,295572095231862061071,0.828353961747,50733779164560948971,729807642547807558200,0.0695166454923,True,True,post_hoc_k12_through_float_k20,exact_feasible_certificate,cert_k14.json,08ac51b3f259798b9bf979388ec5f7f590c26025cc323ee331867d20d616285f,True,manifest
14,3,4,10,9,27,5711624388465041453,21894229276434226746,0.260873507642,729,2000,0.3645,5711624388465041453000,7980446571260275648917,0.715702352928,2268822182795234195917,21894229276434226746000,0.103626492358,True,True,post_hoc_k12_through_float_k20,exact_feasible_certificate,cert_k14.json,08ac51b3f259798b9bf979388ec5f7f590c26025cc323ee331867d20d616285f,True,manifest
14,4,5,9,27,81,2305767797242675783,10947114638217113373,0.210627902735,6561,20000,0.32805,46115355944853515660000,71824019141342480840253,0.642060364989,25708663196488965180253,218942292764342267460000,0.117422097265,True,True,post_hoc_k12_through_float_k20,exact_feasible_certificate,cert_k14.json,08ac51b3f259798b9bf979388ec5f7f590c26025cc323ee331867d20d616285f,True,manifest
14,5,6,8,81,243,1908627759737194066,10947114638217113373,0.174349846769,59049,200000,0.295245,381725551947438813200000,646416172272082327562277,0.590525992884,264690620324643514362277,2189422927643422674600000,0.120895153231,True,True,post_hoc_k12_through_float_k20,exact_feasible_certificate,cert_k14.json,08ac51b3f259798b9bf979388ec5f7f590c26025cc323ee331867d20d616285f,True,manifest
14,6,7,7,243,729,3175939593982875935,21894229276434226746,0.145058296133,531441,2000000,0.2657205,3175939593982875935000000,5817745550448740948060493,0.545905551634,2641805956465865013060493,21894229276434226746000000,0.120662203867,True,True,post_hoc_k12_through_float_k20,exact_feasible_certificate,cert_k14.json,08ac51b3f259798b9bf979388ec5f7f590c26025cc323ee331867d20d616285f,True,manifest
14,7,8,6,729,2187,2675259044266435949,21894229276434226746,0.12219014474,4782969,20000000,0.23914845,26752590442664359490000000,52359709954038668532544437,0.510938476667,25607119511374309042544437,218942292764342267460000000,0.11695830526,True,True,post_hoc_k12_through_float_k20,exact_feasible_certificate,cert_k14.json,08ac51b3f259798b9bf979388ec5f7f590c26025cc323ee331867d20d616285f,True,manifest
14,8,9,5,2187,6561,251376994451214775,2432692141826025194,0.103332842709,43046721,200000000,0.215233605,25137699445121477500000000,52359709954038668532544437,0.480096231763,27222010508917191032544437,243269214182602519400000000,0.111900762291,True,True,post_hoc_k12_through_float_k20,exact_feasible_certificate,cert_k14.json,08ac51b3f259798b9bf979388ec5f7f590c26025cc323ee331867d20d616285f,True,manifest
14,9,10,4,6561,19683,212440793141392413,2432692141826025194,0.0873274466131,387420489,2000000000,0.1937102445,70813597713797471000000000,157079129862116005597633311,0.450814807645,258796596444955603792899933,2432692141826025194000000000,0.106382797887,True,True,post_hoc_k12_through_float_k20,exact_feasible_certificate,cert_k14.json,08ac51b3f259798b9bf979388ec5f7f590c26025cc323ee331867d20d616285f,True,manifest
14,10,11,3,19683,59049,805456701857759158,10947114638217113373,0.0735770774744,3486784401,20000000000,0.17433922005,16109134037155183160000000000,38170228556494189360224894573,0.422033994722,22061094519339006200224894573,218942292764342267460000000000,0.100762142576,True,True,post_hoc_k12_through_float_k20,exact_feasible_certificate,cert_k14.json,08ac51b3f259798b9bf979388ec5f7f590c26025cc323ee331867d20d616285f,True,manifest
14,11,12,2,59049,177147,436070424876756509,7298076425478075582,0.0597514193404,31381059609,200000000000,0.156905298045,43607042487675650900000000000,114510685669482568080674683719,0.380811993507,70903643181806917180674683719,729807642547807558200000000000,0.0971538787046,True,True,post_hoc_k12_through_float_k20,exact_feasible_certificate,cert_k14.json,08ac51b3f259798b9bf979388ec5f7f590c26025cc323ee331867d20d616285f,True,manifest
14,12,13,1,177147,531441,505440762131644597,10947114638217113373,0.0461711399611,282429536481,2000000000000,0.14121476824,1010881524263289194000000000000,3091788513076029338178216460413,0.326956879485,2080906988812740144178216460413,21894229276434226746000000000000,0.0950436282794,True,True,post_hoc_k12_through_float_k20,exact_feasible_certificate,cert_k14.json,08ac51b3f259798b9bf979388ec5f7f590c26025cc323ee331867d20d616285f,True,manifest
14,13,14,0,531441,1594323,136064077862342795,3649038212739037791,0.0372876549737,2541865828329,20000000000000,0.127093291416,2721281557246855900000000000000,9275365539228088014534649381239,0.293388066027,6554083981981232114534649381239,72980764254780755820000000000000,0.0898056364428,True,True,post_hoc_k12_through_float_k20,exact_feasible_certificate,cert_k14.json,08ac51b3f259798b9bf979388ec5f7f590c26025cc323ee331867d20d616285f,True,manifest
15,1,2,13,1,3,15350987041430553317,35286825339286580595,0.435034517666,9,20,0.45,61403948165722213268,63516285610715845071,0.96674337259,2112337444993631803,141147301357146322380,0.0149654823343,False,True,post_hoc_k12_through_float_k20,exact_feasible_certificate,cert_k15_C.npy,fa65959e13cb445e50c92a447a924658b45aae943873e38d774a0b79aa85cda4,True,array
15,2,3,12,3,9,12018567110638813363,35286825339286580595,0.3405964406,81,200,0.405,480742684425552534520,571646570496442605639,0.840978865679,90903886070890071119,1411473013571463223800,0.0644035593999,True,True,post_hoc_k12_through_float_k20,exact_feasible_certificate,cert_k15_C.npy,fa65959e13cb445e50c92a447a924658b45aae943873e38d774a0b79aa85cda4,True,array
15,3,4,11,9,27,3136919082033840411,11762275113095526865,0.266693224897,729,2000,0.3645,418255877604512054800,571646570496442605639,0.731668655409,460172078675791652517,4704910045238210746000,0.0978067751033,True,True,post_hoc_k12_through_float_k20,exact_feasible_certificate,cert_k15_C.npy,fa65959e13cb445e50c92a447a924658b45aae943873e38d774a0b79aa85cda4,True,array
15,4,5,10,27,81,3058383088339291385,14114730135714632238,0.216680238229,6561,20000,0.32805,30583830883392913850000,46303372210211851056759,0.660509794936,15719541326818937206759,141147301357146322380000,0.111369761771,True,True,post_hoc_k12_through_float_k20,exact_feasible_certificate,cert_k15_C.npy,fa65959e13cb445e50c92a447a924658b45aae943873e38d774a0b79aa85cda4,True,array
15,5,6,9,81,243,2122022821954890683,11762275113095526865,0.180409215186,59049,200000,0.295245,84880912878195627320000,138910116630635553170277,0.611049180125,54029203752439925850277,470491004523821074600000,0.114835784814,True,True,post_hoc_k12_through_float_k20,exact_feasible_certificate,cert_k15_C.npy,fa65959e13cb445e50c92a447a924658b45aae943873e38d774a0b79aa85cda4,True,array
15,6,7,8,243,729,10663019668069050317,70573650678573161190,0.151090662953,531441,2000000,0.2657205,2132603933613810063400000,3750573149027159935597479,0.568607476478,1617969215413349872197479,14114730135714632238000000,0.114629837047,True,True,post_hoc_k12_through_float_k20,exact_feasible_certificate,cert_k15_C.npy,fa65959e13cb445e50c92a447a924658b45aae943873e38d774a0b79aa85cda4,True,array
15,7,8,7,729,2187,603082856081486013,4704910045238210746,0.128181591206,4782969,20000000,0.23914845,2010276186938286710000000,3750573149027159935597479,0.535991729013,5220890886266619676792437,47049100452382107460000000,0.110966858794,True,True,post_hoc_k12_through_float_k20,exact_feasible_certificate,cert_k15_C.npy,fa65959e13cb445e50c92a447a924658b45aae943873e38d774a0b79aa85cda4,True,array
15,8,9,6,2187,6561,7699451574641356993,70573650678573161190,0.109098105321,43046721,200000000,0.215233605,153989031492827139860000000,303796425071199954783395799,0.506882302702,149807393578372814923395799,1411473013571463223800000000,0.106135499679,True,True,post_hoc_k12_through_float_k20,exact_feasible_certificate,cert_k15_C.npy,fa65959e13cb445e50c92a447a924658b45aae943873e38d774a0b79aa85cda4,True,array
15,9,10,5,6561,19683,2180904358802138753,23524550226191053730,0.0927075900637,387420489,2000000000,0.1937102445,436180871760427750600000000,911389275213599864350187397,0.478588988946,475208403453172113750187397,4704910045238210746000000000,0.101002654436,True,True,post_hoc_k12_through_float_k20,exact_feasible_certificate,cert_k15_C.npy,fa65959e13cb445e50c92a447a924658b45aae943873e38d774a0b79aa85cda4,True,array
15,10,11,4,19683,59049,2773430710160367052,35286825339286580595,0.0785967760912,3486784401,20000000000,0.17433922005,11093722840641468208000000000,24607510430767196337455059719,0.450826704792,13513787590125728129455059719,141147301357146322380000000000,0.0957424439588,True,True,post_hoc_k12_through_float_k20,exact_feasible_certificate,cert_k15_C.npy,fa65959e13cb445e50c92a447a924658b45aae943873e38d774a0b79aa85cda4,True,array
15,11,12,3,59049,177147,778623054211356892,11762275113095526865,0.0661966368517,31381059609,200000000000,0.156905298045,31144922168454275680000000000,73822531292301589012365179157,0.421889111945,42677609123847313332365179157,470491004523821074600000000000,0.0907086611933,True,True,post_hoc_k12_through_float_k20,exact_feasible_certificate,cert_k15_C.npy,fa65959e13cb445e50c92a447a924658b45aae943873e38d774a0b79aa85cda4,True,array
15,12,13,2,177147,531441,3799494691573254371,70573650678573161190,0.0538372984115,282429536481,2000000000000,0.14121476824,759898938314650874200000000000,1993208344892142903333859837239,0.381244108405,1233309406577492029133859837239,14114730135714632238000000000000,0.087377469829,True,True,post_hoc_k12_through_float_k20,exact_feasible_certificate,cert_k15_C.npy,fa65959e13cb445e50c92a447a924658b45aae943873e38d774a0b79aa85cda4,True,array
15,13,14,1,531441,1594323,986976897513142109,23524550226191053730,0.0419551867314,2541865828329,20000000000000,0.127093291416,1973953795026284218000000000000,5979625034676428710001579511717,0.330113307035,4005671239650144492001579511717,47049100452382107460000000000000,0.085138104685,True,True,post_hoc_k12_through_float_k20,exact_feasible_certificate,cert_k15_C.npy,fa65959e13cb445e50c92a447a924658b45aae943873e38d774a0b79aa85cda4,True,array
15,14,15,0,1594323,4782969,401959812266606726,11762275113095526865,0.0341736448435,22876792454961,200000000000000,0.114383962275,16078392490664269040000000000000,53816625312087858390014215605453,0.298762555203,37738232821423589350014215605453,470491004523821074600000000000000,0.0802103174313,True,True,post_hoc_k12_through_float_k20,exact_feasible_certificate,cert_k15_C.npy,fa65959e13cb445e50c92a447a924658b45aae943873e38d774a0b79aa85cda4,True,array
16,1,2,14,1,3,197128736102225824450,450055885787532737547,0.43800946133,9,20,0.45,3942574722044516489000,4050502972087794637923,0.973354358511,107928250043278148923,9001117715750654750940,0.0119905386699,False,True,post_hoc_k12_through_float_k20,exact_feasible_certificate,cert_k16_C.npy,180c4856ee6cffdf08a2feedea15a17bab9f0d8bf2702808b4ae2512a41d300b,True,array
16,2,3,13,3,9,155369657736746285912,450055885787532737547,0.345223032613,81,200,0.405,31073931547349257182400,36454526748790151741307,0.852402549661,5380595201440894558907,90011177157506547509400,0.0597769673873,True,True,post_hoc_k12_through_float_k20,exact_feasible_certificate,cert_k16_C.npy,180c4856ee6cffdf08a2feedea15a17bab9f0d8bf2702808b4ae2512a41d300b,True,array
16,3,4,12,9,27,40801660404035105586,150018628595844245849,0.271977292327,729,2000,0.3645,27201106936023403724000,36454526748790151741307,0.746165411047,27760259438300244051921,300037257191688491698000,0.0925227076735,True,True,post_hoc_k12_through_float_k20,exact_feasible_certificate,cert_k16_C.npy,180c4856ee6cffdf08a2feedea15a17bab9f0d8bf2702808b4ae2512a41d300b,True,array
16,4,5,11,27,81,33337506345125793992,150018628595844245849,0.222222444353,6561,20000,0.32805,666750126902515879840000,984272222217334097015289,0.677404189463,317522095314818217175289,3000372571916884916980000,0.105827555647,True,True,post_hoc_k12_through_float_k20,exact_feasible_certificate,cert_k16_C.npy,180c4856ee6cffdf08a2feedea15a17bab9f0d8bf2702808b4ae2512a41d300b,True,array
16,5,6,10,81,243,83694563262005311288,450055885787532737547,0.18596482327,59049,200000,0.295245,16738912652401062257600000,26575349999868020619412803,0.629866122271,9836437347466958361812803,90011177157506547509400000,0.10928017673,True,True,post_hoc_k12_through_float_k20,exact_feasible_certificate,cert_k16_C.npy,180c4856ee6cffdf08a2feedea15a17bab9f0d8bf2702808b4ae2512a41d300b,True,array
16,6,7,9,243,729,70499871959100867886,450055885787532737547,0.156646928049,531441,2000000,0.2657205,140999743918201735772000000,239178149998812185574715227,0.589517662541,98178406080610449802715227,900111771575065475094000000,0.109073571951,True,True,post_hoc_k12_through_float_k20,exact_feasible_certificate,cert_k16_C.npy,180c4856ee6cffdf08a2feedea15a17bab9f0d8bf2702808b4ae2512a41d300b,True,array
16,7,8,8,729,2187,60187331907129664168,450055885787532737547,0.133733018071,4782969,20000000,0.23914845,1203746638142593283360000000,2152603349989309670172437043,0.559205038006,948856711846716386812437043,9001117715750654750940000000,0.105415431929,True,True,post_hoc_k12_through_float_k20,exact_feasible_certificate,cert_k16_C.npy,180c4856ee6cffdf08a2feedea15a17bab9f0d8bf2702808b4ae2512a41d300b,True,array
16,8,9,7,2187,6561,51556577665928780138,450055885787532737547,0.114555945815,43046721,200000000,0.215233605,10311315533185756027600000000,19373430149903787031551933387,0.532240055241,9062114616718031003951933387,90011177157506547509400000000,0.100677659185,True,True,post_hoc_k12_through_float_k20,exact_feasible_certificate,cert_k16_C.npy,180c4856ee6cffdf08a2feedea15a17bab9f0d8bf2702808b4ae2512a41d300b,True,array
16,9,10,6,6561,19683,44133651362527954210,450055885787532737547,0.0980626023484,387420489,2000000000,0.1937102445,88267302725055908420000000000,174360871349134083283967400483,0.506233434383,86093568624078174863967400483,900111771575065475094000000000,0.0956476421516,True,True,post_hoc_k12_through_float_k20,exact_feasible_certificate,cert_k16_C.npy,180c4856ee6cffdf08a2feedea15a17bab9f0d8bf2702808b4ae2512a41d300b,True,array
16,10,11,5,19683,59049,37643074764403154798,450055885787532737547,0.0836408898387,3486784401,20000000000,0.17433922005,752861495288063095960000000000,1569247842142206749555706604347,0.479759458685,816386346854143653595706604347,9001117715750654750940000000000,0.0906983302113,True,True,post_hoc_k12_through_float_k20,exact_feasible_certificate,cert_k16_C.npy,180c4856ee6cffdf08a2feedea15a17bab9f0d8bf2702808b4ae2512a41d300b,True,array
16,11,12,4,59049,177147,31971736222283026444,450055885787532737547,0.0710394802777,31381059609,200000000000,0.156905298045,6394347244456605288800000000000,14123230579279860746001359439123,0.452753865949,7728883334823255457201359439123,90011177157506547509400000000000,0.0858658177673,True,True,post_hoc_k12_through_float_k20,exact_feasible_certificate,cert_k16_C.npy,180c4856ee6cffdf08a2feedea15a17bab9f0d8bf2702808b4ae2512a41d300b,True,array
16,12,13,3,177147,531441,26985066045356992306,450055885787532737547,0.059959367042,282429536481,2000000000000,0.14121476824,53970132090713984612000000000000,127109075213518746714012234952107,0.424597000647,73138943122804762102012234952107,900111771575065475094000000000000,0.0812554011985,True,True,post_hoc_k12_through_float_k20,exact_feasible_certificate,cert_k16_C.npy,180c4856ee6cffdf08a2feedea15a17bab9f0d8bf2702808b4ae2512a41d300b,True,array
16,13,14,2,531441,1594323,22015571888913596416,450055885787532737547,0.0489174180011,2541865828329,20000000000000,0.127093291416,440311437778271928320000000000000,1143981676921668720426110114568963,0.384893785155,703670239143396792106110114568963,9001117715750654750940000000000000,0.0781758734154,True,True,post_hoc_k12_through_float_k20,exact_feasible_certificate,cert_k16_C.npy,180c4856ee6cffdf08a2feedea15a17bab9f0d8bf2702808b4ae2512a41d300b,True,array
16,14,15,1,1594323,4782969,17228048038125199972,450055885787532737547,0.0382797972034,22876792454961,200000000000000,0.114383962275,3445609607625039994400000000000000,10295835092295018483834991031120667,0.334660527945,6850225484669978489434991031120667,90011177157506547509400000000000000,0.0761041650714,True,True,post_hoc_k12_through_float_k20,exact_feasible_certificate,cert_k16_C.npy,180c4856ee6cffdf08a2feedea15a17bab9f0d8bf2702808b4ae2512a41d300b,True,array
16,15,16,0,4782969,14348907,14115198180433835740,450055885787532737547,0.0313632120503,205891132094649,2000000000000000,0.102945566047,28230396360867671480000000000000000,92662515830655166354514919280086003,0.30465821166,64432119469787494874514919280086003,900111771575065475094000000000000000,0.071582353997,True,True,post_hoc_k12_through_float_k20,exact_feasible_certificate,cert_k16_C.npy,180c4856ee6cffdf08a2feedea15a17bab9f0d8bf2702808b4ae2512a41d300b,True,array
17,1,2,15,1,3,70436420778341919118,159825095942495692809,0.440709391494,9,20,0.45,1408728415566838382360,1438425863482461235281,0.979354203321,29697447915622852921,3196501918849913856180,0.00929060850566,False,True,post_hoc_k12_through_float_k20,exact_feasible_certificate,cert_k17_C.npy,72da89e5733d56855d7514107b690c9127ca243ac65f6ad2873c9eeff0a770d2,True,array
17,2,3,14,3,9,167545216937387269052,479475287827487078427,0.349434519757,81,200,0.405,33509043387477453810400,38837498314026453352587,0.862801283351,5328454926548999542187,95895057565497415685400,0.0555654802429,True,True,post_hoc_k12_through_float_k20,exact_feasible_certificate,cert_k17_C.npy,72da89e5733d56855d7514107b690c9127ca243ac65f6ad2873c9eeff0a770d2,True,array
17,3,4,13,9,27,398167399921286546290,1438425863482461235281,0.276807731305,729,2000,0.3645,796334799842573092580000,1048612454478714240519849,0.759417644184,252277654636141147939849,2876851726964922470562000,0.0876922686948,True,True,post_hoc_k12_through_float_k20,exact_feasible_certificate,cert_k17_C.npy,72da89e5733d56855d7514107b690c9127ca243ac65f6ad2873c9eeff0a770d2,True,array
17,4,5,12,27,81,326957842298665552534,1438425863482461235281,0.227302532997,6561,20000,0.32805,6539156845973311050680000,9437512090308428164678641,0.69288990397,2898355244335117113998641,28768517269649224705620000,0.100747467003,True,True,post_hoc_k12_through_float_k20,exact_feasible_certificate,cert_k17_C.npy,72da89e5733d56855d7514107b690c9127ca243ac65f6ad2873c9eeff0a770d2,True,array
17,5,6,11,81,243,91623867637467093272,479475287827487078427,0.191091949812,59049,200000,0.295245,18324773527493418654400000,28312536270925284494035923,0.647231789909,9987762743431865839635923,95895057565497415685400000,0.104153050188,True,True,post_hoc_k12_through_float_k20,exact_feasible_certificate,cert_k17_C.npy,72da89e5733d56855d7514107b690c9127ca243ac65f6ad2873c9eeff0a770d2,True,array
17,6,7,10,243,729,8619301887196718740,53275031980831897603,0.161788769837,531441,2000000,0.2657205,17238603774393437480000000,28312536270925284494035923,0.608868227468,11073932496531847014035923,106550063961663795206000000,0.103931730163,True,True,post_hoc_k12_through_float_k20,exact_feasible_certificate,cert_k17_C.npy,72da89e5733d56855d7514107b690c9127ca243ac65f6ad2873c9eeff0a770d2,True,array
17,7,8,9,729,2187,199755122975336236886,1438425863482461235281,0.138870641892,4782969,20000000,0.23914845,3995102459506724737720000000,6879946313834844132050729289,0.580688028259,2884843854328119394330729289,28768517269649224705620000000,0.100277808108,True,True,post_hoc_k12_through_float_k20,exact_feasible_certificate,cert_k17_C.npy,72da89e5733d56855d7514107b690c9127ca243ac65f6ad2873c9eeff0a770d2,True,array
17,8,9,8,2187,6561,57399683521533837896,479475287827487078427,0.119713538901,43046721,200000000,0.215233605,11479936704306767579200000000,20639838941504532396152187867,0.55620282391,9159902237197764816952187867,95895057565497415685400000000,0.0955200660987,True,True,post_hoc_k12_through_float_k20,exact_feasible_certificate,cert_k17_C.npy,72da89e5733d56855d7514107b690c9127ca243ac65f6ad2873c9eeff0a770d2,True,array
17,9,10,7,6561,19683,148317643302675319226,1438425863482461235281,0.103111079318,387420489,2000000000,0.1937102445,296635286605350638452000000000,557275651420622374696109072409,0.532295437364,260640364815271736244109072409,2876851726964922470562000000000,0.0905991651819,True,True,post_hoc_k12_through_float_k20,exact_feasible_certificate,cert_k17_C.npy,72da89e5733d56855d7514107b690c9127ca243ac65f6ad2873c9eeff0a770d2,True,array
17,10,11,6,19683,59049,127428697130645174252,1438425863482461235281,0.0885889918735,3486784401,20000000000,0.17433922005,2548573942612903485040000000000,5015480862785601372264981651681,0.508141494771,2466906920172697887224981651681,28768517269649224705620000000000,0.0857502281765,True,True,post_hoc_k12_through_float_k20,exact_feasible_certificate,cert_k17_C.npy,72da89e5733d56855d7514107b690c9127ca243ac65f6ad2873c9eeff0a770d2,True,array
17,11,12,5,59049,177147,12099256743660384704,159825095942495692809,0.0757031095293,31381059609,200000000000,0.156905298045,2419851348732076940800000000000,5015480862785601372264981651681,0.482476439435,2595629514053524431464981651681,31965019188499138561800000000000,0.0812021885157,True,True,post_hoc_k12_through_float_k20,exact_feasible_certificate,cert_k17_C.npy,72da89e5733d56855d7514107b690c9127ca243ac65f6ad2873c9eeff0a770d2,True,array
17,12,13,4,177147,531441,92703220753779921704,1438425863482461235281,0.0644476876475,282429536481,2000000000000,0.14121476824,185406441507559843408000000000000,406253949885633711153463513786161,0.456380649492,220847508378073867745463513786161,2876851726964922470562000000000000,0.076767080593,True,True,post_hoc_k12_through_float_k20,exact_feasible_certificate,cert_k17_C.npy,72da89e5733d56855d7514107b690c9127ca243ac65f6ad2873c9eeff0a770d2,True,array
17,13,14,3,531441,1594323,78509358052973914354,1438425863482461235281,0.05458005174,2541865828329,20000000000000,0.127093291416,1570187161059478287080000000000000,3656285548970703400381171624075449,0.429448723309,2086098387911225113301171624075449,28768517269649224705620000000000000,0.0725132396765,True,True,post_hoc_k12_through_float_k20,exact_feasible_certificate,cert_k17_C.npy,72da89e5733d56855d7514107b690c9127ca243ac65f6ad2873c9eeff0a770d2,True,array
17,14,15,2,1594323,4782969,21407783618965470562,479475287827487078427,0.0446483565732,22876792454961,200000000000000,0.114383962275,4281556723793094112400000000000000,10968856646912110201143514872226347,0.390337558564,6687299923119016088743514872226347,95895057565497415685400000000000000,0.0697356057016,True,True,post_hoc_k12_through_float_k20,exact_feasible_certificate,cert_k17_C.npy,72da89e5733d56855d7514107b690c9127ca243ac65f6ad2873c9eeff0a770d2,True,array
17,15,16,1,4782969,14348907,50568431321836689226,1438425863482461235281,0.0351553963299,205891132094649,2000000000000000,0.102945566047,101136862643673378452000000000000000,296159129466626975430874901550111369,0.341495002453,195022266822953596978874901550111369,2876851726964922470562000000000000000,0.0677901697175,True,True,post_hoc_k12_through_float_k20,exact_feasible_certificate,cert_k17_C.npy,72da89e5733d56855d7514107b690c9127ca243ac65f6ad2873c9eeff0a770d2,True,array
17,16,17,0,14348907,43046721,41615920161071510812,1438425863482461235281,0.0289315711137,1853020188851841,20000000000000000,0.0926510094426,832318403221430216240000000000000000,2665432165199642778877874113951002321,0.312263960077,1833113761978212562637874113951002321,28768517269649224705620000000000000000,0.0637194383289,True,True,post_hoc_k12_through_float_k20,exact_feasible_certificate,cert_k17_C.npy,72da89e5733d56855d7514107b690c9127ca243ac65f6ad2873c9eeff0a770d2,True,array
18,1,2,16,1,3,51934870620455404358,117196628399771085219,0.4431430437,9,20,0.45,1038697412409108087160,1054769655597939766971,0.984762319333,16072243188831679811,2343932567995421704380,0.00685695629997,False,True,post_hoc_k12_through_float_k20,exact_feasible_certificate,cert_k18_C.npy,e3d998ff0e34ae16ec7f2a53be4f48bcedc3b106f5b7316f3b558e97c34522ef,True,array
18,2,3,15,3,9,1614521866826519439538,4570668507591072323541,0.353235388684,81,200,0.405,322904373365303887907600,370224149114876858206821,0.8721861449,47319775749572970299221,914133701518214464708200,0.0517646113156,True,True,post_hoc_k12_through_float_k20,exact_feasible_certificate,cert_k18_C.npy,e3d998ff0e34ae16ec7f2a53be4f48bcedc3b106f5b7316f3b558e97c34522ef,True,array
18,3,4,14,9,27,1285149712294965484934,4570668507591072323541,0.281173248544,729,2000,0.3645,2570299424589930969868000,3332017342033891723861389,0.771394371862,761717917443960753993389,9141337015182144647082000,0.0833267514565,True,True,post_hoc_k12_through_float_k20,exact_feasible_certificate,cert_k18_C.npy,e3d998ff0e34ae16ec7f2a53be4f48bcedc3b106f5b7316f3b558e97c34522ef,True,array
18,4,5,13,27,81,1059925369548623387768,4570668507591072323541,0.231897230742,6561,20000,0.32805,21198507390972467755360000,29988156078305025514752501,0.706895993726,8789648687332557759392501,91413370151821446470820000,0.0961527692583,True,True,post_hoc_k12_through_float_k20,exact_feasible_certificate,cert_k18_C.npy,e3d998ff0e34ae16ec7f2a53be4f48bcedc3b106f5b7316f3b558e97c34522ef,True,array
18,5,6,12,81,243,298220358409111643524,1523556169197024107847,0.195739654657,59049,200000,0.295245,59644071681822328704800000,89964468234915076544257503,0.662973647841,30320396553092747839457503,304711233839404821569400000,0.099505345343,True,True,post_hoc_k12_through_float_k20,exact_feasible_certificate,cert_k18_C.npy,e3d998ff0e34ae16ec7f2a53be4f48bcedc3b106f5b7316f3b558e97c34522ef,True,array
18,6,7,11,243,729,760886185651635268786,4570668507591072323541,0.166471531328,531441,2000000,0.2657205,1521772371303270537572000000,2429040642342707066694952581,0.626491111254,907268271039436529122952581,9141337015182144647082000000,0.0992489686719,True,True,post_hoc_k12_through_float_k20,exact_feasible_certificate,cert_k18_C.npy,e3d998ff0e34ae16ec7f2a53be4f48bcedc3b106f5b7316f3b558e97c34522ef,True,array
18,7,8,10,729,2187,656132700956977906282,4570668507591072323541,0.143552896008,4782969,20000000,0.23914845,13122654019139558125640000000,21861365781084363600254573229,0.600266888654,8738711761944805474614573229,91413370151821446470820000000,0.0955955539921,True,True,post_hoc_k12_through_float_k20,exact_feasible_certificate,cert_k18_C.npy,e3d998ff0e34ae16ec7f2a53be4f48bcedc3b106f5b7316f3b558e97c34522ef,True,array
18,8,9,9,2187,6561,568495161466252267340,4570668507591072323541,0.124378996316,43046721,200000000,0.215233605,113699032293250453468000000000,196752292029759272402291159061,0.577879073836,83053259736508818934291159061,914133701518214464708200000000,0.0908546086842,True,True,post_hoc_k12_through_float_k20,exact_feasible_certificate,cert_k18_C.npy,e3d998ff0e34ae16ec7f2a53be4f48bcedc3b106f5b7316f3b558e97c34522ef,True,array
18,9,10,8,6561,19683,492612895751082325378,4570668507591072323541,0.107776990375,387420489,2000000000,0.1937102445,985225791502164650756000000000,1770770628267833451620620431549,0.556382501367,785544836765668800864620431549,9141337015182144647082000000000,0.0859332541248,True,True,post_hoc_k12_through_float_k20,exact_feasible_certificate,cert_k18_C.npy,e3d998ff0e34ae16ec7f2a53be4f48bcedc3b106f5b7316f3b558e97c34522ef,True,array
18,10,11,7,19683,59049,141898281537381430702,1523556169197024107847,0.0931362324581,3486784401,20000000000,0.17433922005,2837965630747628614040000000000,5312311884803500354861861294647,0.534224212036,2474346254055871740821861294647,30471123383940482156940000000000,0.0812029875919,True,True,post_hoc_k12_through_float_k20,exact_feasible_certificate,cert_k18_C.npy,e3d998ff0e34ae16ec7f2a53be4f48bcedc3b106f5b7316f3b558e97c34522ef,True,array
18,11,12,6,59049,177147,366422133867897214894,4570668507591072323541,0.0801681708615,31381059609,200000000000,0.156905298045,73284426773579442978800000000000,143432420889694509581270254955469,0.510933485742,70147994116115066602470254955469,914133701518214464708200000000000,0.0767371271835,True,True,post_hoc_k12_through_float_k20,exact_feasible_certificate,cert_k18_C.npy,e3d998ff0e34ae16ec7f2a53be4f48bcedc3b106f5b7316f3b558e97c34522ef,True,array
18,12,13,5,177147,531441,314030196744279690268,4570668507591072323541,0.0687055287914,282429536481,2000000000000,0.14121476824,628060393488559380536000000000000,1290891788007250586231432294599221,0.486532178238,662831394518691205695432294599221,9141337015182144647082000000000000,0.0725092394491,True,True,post_hoc_k12_through_float_k20,exact_feasible_certificate,cert_k18_C.npy,e3d998ff0e34ae16ec7f2a53be4f48bcedc3b106f5b7316f3b558e97c34522ef,True,array
18,13,14,4,531441,1594323,6870208053154824080,117196628399771085219,0.0586212090481,2541865828329,20000000000000,0.127093291416,137404161063096481600000000000000,297898104924750135284176683369051,0.461245502377,160493943861653653684176683369051,2343932567995421704380000000000000,0.0684720823684,True,True,post_hoc_k12_through_float_k20,exact_feasible_certificate,cert_k18_C.npy,e3d998ff0e34ae16ec7f2a53be4f48bcedc3b106f5b7316f3b558e97c34522ef,True,array
18,14,15,3,1594323,4782969,227524542386250209882,4570668507591072323541,0.0497792701458,22876792454961,200000000000000,0.114383962275,45504908477250041976400000000000000,104562234828587297484746015862536901,0.43519449017,59057326351337255508346015862536901,914133701518214464708200000000000000,0.064604692129,True,True,post_hoc_k12_through_float_k20,exact_feasible_certificate,cert_k18_C.npy,e3d998ff0e34ae16ec7f2a53be4f48bcedc3b106f5b7316f3b558e97c34522ef,True,array
18,15,16,2,4782969,14348907,186590965033882926574,4570668507591072323541,0.0408235610883,205891132094649,2000000000000000,0.102945566047,373181930067765853148000000000000000,941060113457285677362714142762832109,0.396554826553,567878183389519824214714142762832109,9141337015182144647082000000000000000,0.0621220049591,True,True,post_hoc_k12_through_float_k20,exact_feasible_certificate,cert_k18_C.npy,e3d998ff0e34ae16ec7f2a53be4f48bcedc3b106f5b7316f3b558e97c34522ef,True,array
18,16,17,1,14348907,43046721,147579888458165396098,4570668507591072323541,0.0322884690091,1853020188851841,20000000000000000,0.0926510094426,2951597769163307921960000000000000000,8469541021115571096264427284865488981,0.348495598735,5517943251952263174304427284865488981,91413370151821446470820000000000000000,0.0603625404335,True,True,post_hoc_k12_through_float_k20,exact_feasible_certificate,cert_k18_C.npy,e3d998ff0e34ae16ec7f2a53be4f48bcedc3b106f5b7316f3b558e97c34522ef,True,array
18,17,18,0,43046721,129140163,122146422109589462870,4570668507591072323541,0.0267239730702,16677181699666569,200000000000000000,0.0833859084983,24429284421917892574000000000000000000,76225869190040139866379845563789400829,0.320485481917,51796584768122247292379845563789400829,914133701518214464708200000000000000000,0.0566619354282,True,True,post_hoc_k12_through_float_k20,exact_feasible_certificate,cert_k18_C.npy,e3d998ff0e34ae16ec7f2a53be4f48bcedc3b106f5b7316f3b558e97c34522ef,True,array
19,1,2,17,1,3,34252086821381135562,76907619260135834267,0.445366624931,9,20,0.45,228347245475874237080,230722857780407502801,0.989703610958,7126836913599797163,1538152385202716685340,0.00463337506879,False,True,post_hoc_k12_through_float_k20,exact_feasible_certificate,cert_k19_C.npy,052c7e75907c99ec4c05dca550adcf23e4dad264175d3f559f4b5a9da5b4d517,True,array
19,2,3,16,3,9,246908834557100826950,692168573341222508403,0.356717776661,81,200,0.405,49381766911420165390000,56065654440639023180643,0.880784633732,6683887529218857790643,138433714668244501680600,0.0482822233387,True,True,post_hoc_k12_through_float_k20,exact_feasible_certificate,cert_k19_C.npy,052c7e75907c99ec4c05dca550adcf23e4dad264175d3f559f4b5a9da5b4d517,True,array
19,3,4,15,9,27,4145307590550742576672,14535540040165672676463,0.285184284801,729,2000,0.3645,8290615181101485153344000,10596408689280775381141527,0.78239858656,2305793508179290227797527,29071080080331345352926000,0.079315715199,True,True,post_hoc_k12_through_float_k20,exact_feasible_certificate,cert_k19_C.npy,052c7e75907c99ec4c05dca550adcf23e4dad264175d3f559f4b5a9da5b4d517,True,array
19,4,5,14,27,81,1144074331421663940502,4845180013388557558821,0.236126279779,6561,20000,0.32805,22881486628433278810040000,31789226067842326143424581,0.719787470749,8907739439409047333384581,96903600267771151176420000,0.0919237202209,True,True,post_hoc_k12_through_float_k20,exact_feasible_certificate,cert_k19_C.npy,052c7e75907c99ec4c05dca550adcf23e4dad264175d3f559f4b5a9da5b4d517,True,array
19,5,6,13,81,243,969140780101495581464,4845180013388557558821,0.200021625084,59049,200000,0.295245,193828156020299116292800000,286103034610580935290821229,0.677476756876,92274878590281818998021229,969036002677711511764200000,0.0952233749162,True,True,post_hoc_k12_through_float_k20,exact_feasible_certificate,cert_k19_C.npy,052c7e75907c99ec4c05dca550adcf23e4dad264175d3f559f4b5a9da5b4d517,True,array
19,6,7,12,243,729,2482778186547539631208,14535540040165672676463,0.170807426466,531441,2000000,0.2657205,4965556373095079262416000000,7724781934485685252852173183,0.642808614561,2759225561390605990436173183,29071080080331345352926000000,0.0949130735345,True,True,post_hoc_k12_through_float_k20,exact_feasible_certificate,cert_k19_C.npy,052c7e75907c99ec4c05dca550adcf23e4dad264175d3f559f4b5a9da5b4d517,True,array
19,7,8,11,729,2187,307129985539058461348,2076505720023667525209,0.147907122324,4782969,20000000,0.23914845,6142599710781169226960000000,9931862487195881039381365521,0.618474099767,3789262776414711812421365521,41530114400473350504180000000,0.0912413276755,True,True,post_hoc_k12_through_float_k20,exact_feasible_certificate,cert_k19_C.npy,052c7e75907c99ec4c05dca550adcf23e4dad264175d3f559f4b5a9da5b4d517,True,array
19,8,9,10,2187,6561,1871161968174358539296,14535540040165672676463,0.128730130632,43046721,200000000,0.215233605,374232393634871707859200000000,625707336693340505481026027823,0.598094942617,251474943058468797621826027823,2907108008033134535292600000000,0.0865034743682,True,True,post_hoc_k12_through_float_k20,exact_feasible_certificate,cert_k19_C.npy,052c7e75907c99ec4c05dca550adcf23e4dad264175d3f559f4b5a9da5b4d517,True,array
19,9,10,9,6561,19683,1629591636477638377876,14535540040165672676463,0.112110842251,387420489,2000000000,0.1937102445,3259183272955276755752000000000,5631366030240064549329234250407,0.578755359793,2372182757284787793577234250407,29071080080331345352926000000000,0.0815994022489,True,True,post_hoc_k12_through_float_k20,exact_feasible_certificate,cert_k19_C.npy,052c7e75907c99ec4c05dca550adcf23e4dad264175d3f559f4b5a9da5b4d517,True,array
19,10,11,8,19683,59049,472232294793284210162,4845180013388557558821,0.0974643446659,3486784401,20000000000,0.17433922005,9444645895865684203240000000000,16894098090720193647987702751221,0.559050021206,7449452194854509444747702751221,96903600267771151176420000000000,0.0768748753841,True,True,post_hoc_k12_through_float_k20,exact_feasible_certificate,cert_k19_C.npy,052c7e75907c99ec4c05dca550adcf23e4dad264175d3f559f4b5a9da5b4d517,True,array
19,11,12,7,59049,177147,408949524480797116456,4845180013388557558821,0.0844033706386,31381059609,200000000000,0.156905298045,81789904896159423291200000000000,152046882816481742831889324760989,0.537925562044,70256977920322319540689324760989,969036002677711511764200000000000,0.0725019274064,True,True,post_hoc_k12_through_float_k20,exact_feasible_certificate,cert_k19_C.npy,052c7e75907c99ec4c05dca550adcf23e4dad264175d3f559f4b5a9da5b4d517,True,array
19,12,13,6,177147,531441,352787354348557458200,4845180013388557558821,0.0728120221279,282429536481,2000000000000,0.14121476824,705574708697114916400000000000000,1368421945348335685487003922848901,0.515611950755,662847236651220769087003922848901,9690360026777115117642000000000000,0.0684027461126,True,True,post_hoc_k12_through_float_k20,exact_feasible_certificate,cert_k19_C.npy,052c7e75907c99ec4c05dca550adcf23e4dad264175d3f559f4b5a9da5b4d517,True,array
19,13,14,5,531441,1594323,909365111865946934936,14535540040165672676463,0.0625614947469,2541865828329,20000000000000,0.127093291416,18187302237318938698720000000000000,36947392524405063508149105916920327,0.492248599825,18760090287086124809429105916920327,290710800803313453529260000000000000,0.0645317966696,True,True,post_hoc_k12_through_float_k20,exact_feasible_certificate,cert_k19_C.npy,052c7e75907c99ec4c05dca550adcf23e4dad264175d3f559f4b5a9da5b4d517,True,array
19,14,15,4,1594323,4782969,86360491251020133404,1615060004462852519607,0.053472001667,22876792454961,200000000000000,0.114383962275,17272098250204026680800000000000000,36947392524405063508149105916920327,0.467478137701,19675294274201036827349105916920327,323012000892570503921400000000000000,0.0609119606078,True,True,post_hoc_k12_through_float_k20,exact_feasible_certificate,cert_k19_C.npy,052c7e75907c99ec4c05dca550adcf23e4dad264175d3f559f4b5a9da5b4d517,True,array
19,15,16,3,4782969,14348907,24492932312159536954,538353334820950839869,0.0454960167012,205891132094649,2000000000000000,0.102945566047,48985864624319073908000000000000000,110842177573215190524447317750760981,0.441942459963,61856312948896116616447317750760981,1076706669641901679738000000000000000,0.0574495493461,True,True,post_hoc_k12_through_float_k20,exact_feasible_certificate,cert_k19_C.npy,052c7e75907c99ec4c05dca550adcf23e4dad264175d3f559f4b5a9da5b4d517,True,array
19,16,17,2,14348907,43046721,181211881591481405834,4845180013388557558821,0.0374004435523,1853020188851841,20000000000000000,0.0926510094426,3624237631829628116680000000000000000,8978216383430430432480232737811639461,0.403670114091,5353978751600802315800232737811639461,96903600267771151176420000000000000000,0.0552505658903,True,True,post_hoc_k12_through_float_k20,exact_feasible_certificate,cert_k19_C.npy,052c7e75907c99ec4c05dca550adcf23e4dad264175d3f559f4b5a9da5b4d517,True,array
19,17,18,1,43046721,129140163,61619560350897373532,2076505720023667525209,0.0296746403136,16677181699666569,200000000000000000,0.0833859084983,12323912070179474706400000000000000000,34630263193231660239566611988702037921,0.355871163942,22306351123052185533166611988702037921,415301144004733505041800000000000000000,0.0537112681847,True,True,post_hoc_k12_through_float_k20,exact_feasible_certificate,cert_k19_C.npy,052c7e75907c99ec4c05dca550adcf23e4dad264175d3f559f4b5a9da5b4d517,True,array
19,18,19,0,129140163,387420489,358970796395655420974,14535540040165672676463,0.0246960756466,150094635296999121,2000000000000000000,0.0750473176485,717941592791310841948000000000000000000,2181706581173594595092696555288228389023,0.329073395564,1463764988382283753144696555288228389023,29071080080331345352926000000000000000000,0.0503512420019,True,True,post_hoc_k12_through_float_k20,exact_feasible_certificate,cert_k19_C.npy,052c7e75907c99ec4c05dca550adcf23e4dad264175d3f559f4b5a9da5b4d517,True,array
