base	hi	c1	c2	c3	c4	c5	c6	c7	c8	overflow	cap	exc_log2	exc_argn
1	10000000	10000000	0	0	0	0	0	0	0	0	0	45.7782	6631675
10000001	20000000	10000000	0	0	0	0	0	0	0	0	0	48.1219	19638399
20000001	30000000	10000000	0	0	0	0	0	0	0	0	0	48.1219	29457599
30000001	40000000	10000000	0	0	0	0	0	0	0	0	0	48.7538	38595583
40000001	50000000	10000000	0	0	0	0	0	0	0	0	0	48.1219	44186399
50000001	60000000	10000000	0	0	0	0	0	0	0	0	0	48.7538	54213823
60000001	70000000	10000000	0	0	0	0	0	0	0	0	0	48.1219	62913839
70000001	80000000	10000000	0	0	0	0	0	0	0	0	0	48.7538	77191167
80000001	90000000	10000000	0	0	0	0	0	0	0	0	0	50.9566	80049391
90000001	100000000	10000000	0	0	0	0	0	0	0	0	0	50.9566	93596391
100000001	110000000	10000000	0	0	0	0	0	0	0	0	0	50.9566	101312511
110000001	120000000	10000000	0	0	0	0	0	0	0	0	0	48.7538	115786751
120000001	130000000	10000000	0	0	0	0	0	0	0	0	0	51.5417	120080895
130000001	140000000	10000000	0	0	0	0	0	0	0	0	0	48.7538	130260095
140000001	150000000	10000000	0	0	0	0	0	0	0	0	0	50.9566	140394587
150000001	160000000	10000000	0	0	0	0	0	0	0	0	0	50.9566	157943911
160000001	170000000	10000000	0	0	0	0	0	0	0	0	0	50.9566	160098783
170000001	180000000	10000000	0	0	0	0	0	0	0	0	0	48.9320	179481327
180000001	190000000	10000000	0	0	0	0	0	0	0	0	0	51.5417	180121343
190000001	200000000	10000000	0	0	0	0	0	0	0	0	0	49.5523	193766367
200000001	210000000	10000000	0	0	0	0	0	0	0	0	0	50.9566	202625023
210000001	220000000	10000000	0	0	0	0	0	0	0	0	0	52.5081	210964383
220000001	230000000	10000000	0	0	0	0	0	0	0	0	0	52.5081	222250543
230000001	240000000	10000000	0	0	0	0	0	0	0	0	0	47.6172	239721983
240000001	250000000	10000000	0	0	0	0	0	0	0	0	0	52.5081	246666523
250000001	260000000	10000000	0	0	0	0	0	0	0	0	0	52.4534	254134431
260000001	270000000	10000000	0	0	0	0	0	0	0	0	0	50.9143	265932703
270000001	280000000	10000000	0	0	0	0	0	0	0	0	0	52.5081	277499839
280000001	290000000	10000000	0	0	0	0	0	0	0	0	0	51.2392	281051839
290000001	300000000	10000000	0	0	0	0	0	0	0	0	0	51.1004	290483839
300000001	310000000	10000000	0	0	0	0	0	0	0	0	0	52.5081	300377023
310000001	320000000	10000000	0	0	0	0	0	0	0	0	0	60.2947	319804831
320000001	330000000	10000000	0	0	0	0	0	0	0	0	0	53.2158	323330559
330000001	340000000	10000000	0	0	0	0	0	0	0	0	0	54.6469	335227327
340000001	350000000	10000000	0	0	0	0	0	0	0	0	0	51.7156	347580927
350000001	360000000	10000000	0	0	0	0	0	0	0	0	0	52.5081	351210735
360000001	370000000	10000000	0	0	0	0	0	0	0	0	0	51.7156	366175791
370000001	380000000	10000000	0	0	0	0	0	0	0	0	0	50.9143	378642463
380000001	390000000	10000000	0	0	0	0	0	0	0	0	0	53.3946	380379879
390000001	400000000	10000000	0	0	0	0	0	0	0	0	0	56.5972	394393759
400000001	410000000	10000000	0	0	0	0	0	0	0	0	0	51.5417	405273023
410000001	420000000	10000000	0	0	0	0	0	0	0	0	0	50.7620	418800767
420000001	430000000	10000000	0	0	0	0	0	0	0	0	0	54.8639	427518111
430000001	440000000	10000000	0	0	0	0	0	0	0	0	0	51.1004	435725759
440000001	450000000	10000000	0	0	0	0	0	0	0	0	0	49.3128	443632511
450000001	460000000	10000000	0	0	0	0	0	0	0	0	0	52.5081	450565535
460000001	470000000	10000000	0	0	0	0	0	0	0	0	0	50.6722	467388187
470000001	480000000	10000000	0	0	0	0	0	0	0	0	0	60.2947	479707247
480000001	490000000	10000000	0	0	0	0	0	0	0	0	0	53.2158	484995839
490000001	500000000	10000000	0	0	0	0	0	0	0	0	0	50.5008	491881407
500000001	510000000	10000000	0	0	0	0	0	0	0	0	0	54.6469	502840991
510000001	520000000	10000000	0	0	0	0	0	0	0	0	0	52.0145	512609383
520000001	530000000	10000000	0	0	0	0	0	0	0	0	0	51.7156	521371391
530000001	540000000	10000000	0	0	0	0	0	0	0	0	0	50.9143	531865407
540000001	550000000	10000000	0	0	0	0	0	0	0	0	0	53.7922	542402407
550000001	560000000	10000000	0	0	0	0	0	0	0	0	0	50.7620	558401023
560000001	570000000	10000000	0	0	0	0	0	0	0	0	0	51.2392	562103679
570000001	580000000	10000000	0	0	0	0	0	0	0	0	0	53.3946	570569819
580000001	590000000	10000000	0	0	0	0	0	0	0	0	0	51.8846	586153983
590000001	600000000	10000000	0	0	0	0	0	0	0	0	0	56.5972	591590639
600000001	610000000	10000000	0	0	0	0	0	0	0	0	0	52.9467	603691167
610000001	620000000	10000000	0	0	0	0	0	0	0	0	0	53.4179	619218939
620000001	630000000	10000000	0	0	0	0	0	0	0	0	0	50.7620	628201151
630000001	640000000	10000000	0	0	0	0	0	0	0	0	0	60.2947	639609663
640000001	650000000	10000000	0	0	0	0	0	0	0	0	0	54.8639	641277167
650000001	660000000	10000000	0	0	0	0	0	0	0	0	0	51.8848	658148511
660000001	670000000	10000000	0	0	0	0	0	0	0	0	0	51.7334	668032927
670000001	680000000	10000000	0	0	0	0	0	0	0	0	0	54.6469	670454655
680000001	690000000	10000000	0	0	0	0	0	0	0	0	0	51.4333	685255335
690000001	700000000	10000000	0	0	0	0	0	0	0	0	0	53.4179	696621307
700000001	710000000	10000000	0	0	0	0	0	0	0	0	0	50.4896	704437759
710000001	720000000	10000000	0	0	0	0	0	0	0	0	0	60.2947	719560871
720000001	730000000	10000000	0	0	0	0	0	0	0	0	0	53.2158	727493759
730000001	740000000	10000000	0	0	0	0	0	0	0	0	0	50.5008	737822111
740000001	750000000	10000000	0	0	0	0	0	0	0	0	0	50.6882	746811135
750000001	760000000	10000000	0	0	0	0	0	0	0	0	0	54.6469	754261487
760000001	770000000	10000000	0	0	0	0	0	0	0	0	0	53.3946	760759759
770000001	780000000	10000000	0	0	0	0	0	0	0	0	0	51.0372	772210175
780000001	790000000	10000000	0	0	0	0	0	0	0	0	0	56.5972	788787519
790000001	800000000	10000000	0	0	0	0	0	0	0	0	0	51.3438	794988711
800000001	810000000	10000000	0	0	0	0	0	0	0	0	0	52.3419	804766335
810000001	820000000	10000000	0	0	0	0	0	0	0	0	0	54.8639	811616415
820000001	830000000	10000000	0	0	0	0	0	0	0	0	0	50.6644	826403295
830000001	840000000	10000000	0	0	0	0	0	0	0	0	0	50.8313	835914735
840000001	850000000	10000000	0	0	0	0	0	0	0	0	0	52.8632	843125787
850000001	860000000	10000000	0	0	0	0	0	0	0	0	0	54.8639	855036223
860000001	870000000	10000000	0	0	0	0	0	0	0	0	0	54.6469	860121087
870000001	880000000	10000000	0	0	0	0	0	0	0	0	0	51.8846	879230975
880000001	890000000	10000000	0	0	0	0	0	0	0	0	0	56.5972	887385959
890000001	900000000	10000000	0	0	0	0	0	0	0	0	0	52.9498	895277567
900000001	910000000	10000000	0	0	0	0	0	0	0	0	0	52.9467	905536751
910000001	920000000	10000000	0	0	0	0	0	0	0	0	0	53.7922	915304063
920000001	930000000	10000000	0	0	0	0	0	0	0	0	0	53.3863	921069567
930000001	940000000	10000000	0	0	0	0	0	0	0	0	0	53.6154	933980007
940000001	950000000	10000000	0	0	0	0	0	0	0	0	0	52.8632	948516511
950000001	960000000	10000000	0	0	0	0	0	0	0	0	0	60.2947	959414495
960000001	970000000	10000000	0	0	0	0	0	0	0	0	0	54.8639	961915751
970000001	980000000	10000000	0	0	0	0	0	0	0	0	0	50.8616	973498367
980000001	990000000	10000000	0	0	0	0	0	0	0	0	0	55.2600	986675823
990000001	1000000000	10000000	0	0	0	0	0	0	0	0	0	50.7472	998053103
1000000001	1010000000	10000000	0	0	0	0	0	0	0	0	0	54.6469	1005681983
1010000001	1020000000	10000000	0	0	0	0	0	0	0	0	0	52.5081	1013772455
1020000001	1030000000	10000000	0	0	0	0	0	0	0	0	0	52.0145	1025218767
1030000001	1040000000	10000000	0	0	0	0	0	0	0	0	0	51.5607	1039476271
1040000001	1050000000	10000000	0	0	0	0	0	0	0	0	0	54.3443	1046062875
1050000001	1060000000	10000000	0	0	0	0	0	0	0	0	0	51.0115	1051196415
1060000001	1070000000	10000000	0	0	0	0	0	0	0	0	0	53.1806	1064945823
1070000001	1080000000	10000000	0	0	0	0	0	0	0	0	0	60.2947	1079341307
1080000001	1090000000	10000000	0	0	0	0	0	0	0	0	0	53.7922	1084804815
1090000001	1100000000	10000000	0	0	0	0	0	0	0	0	0	53.2158	1091240639
1100000001	1110000000	10000000	0	0	0	0	0	0	0	0	0	55.0579	1100378223
1110000001	1120000000	10000000	0	0	0	0	0	0	0	0	0	51.1681	1112194239
1120000001	1130000000	10000000	0	0	0	0	0	0	0	0	0	53.1309	1124157679
1130000001	1140000000	10000000	0	0	0	0	0	0	0	0	0	54.6469	1131392231
1140000001	1150000000	10000000	0	0	0	0	0	0	0	0	0	52.9467	1146069951
1150000001	1160000000	10000000	0	0	0	0	0	0	0	0	0	51.5796	1153096703
1160000001	1170000000	10000000	0	0	0	0	0	0	0	0	0	50.6871	1165838107
1170000001	1180000000	10000000	0	0	0	0	0	0	0	0	0	54.3443	1176820735
1180000001	1190000000	10000000	0	0	0	0	0	0	0	0	0	56.5972	1183181279
1190000001	1200000000	10000000	0	0	0	0	0	0	0	0	0	52.9498	1193703423
1200000001	1210000000	10000000	0	0	0	0	0	0	0	0	0	52.9467	1207382335
1210000001	1220000000	10000000	0	0	0	0	0	0	0	0	0	60.2947	1214258971
1220000001	1230000000	10000000	0	0	0	0	0	0	0	0	0	52.2174	1229014463
1230000001	1240000000	10000000	0	0	0	0	0	0	0	0	0	55.7479	1230007935
1240000001	1250000000	10000000	0	0	0	0	0	0	0	0	0	51.7673	1246646107
1250000001	1260000000	10000000	0	0	0	0	0	0	0	0	0	51.8905	1254376063
1260000001	1270000000	10000000	0	0	0	0	0	0	0	0	0	51.0922	1267725439
1270000001	1280000000	10000000	0	0	0	0	0	0	0	0	0	53.4957	1274744679
1280000001	1290000000	10000000	0	0	0	0	0	0	0	0	0	54.8639	1282554335
1290000001	1300000000	10000000	0	0	0	0	0	0	0	0	0	54.6469	1290181631
1300000001	1310000000	10000000	0	0	0	0	0	0	0	0	0	52.9277	1304735995
1310000001	1320000000	10000000	0	0	0	0	0	0	0	0	0	53.1813	1312417791
1320000001	1330000000	10000000	0	0	0	0	0	0	0	0	0	53.4179	1322492015
1330000001	1340000000	10000000	0	0	0	0	0	0	0	0	0	56.5972	1331078939
1340000001	1350000000	10000000	0	0	0	0	0	0	0	0	0	52.9498	1342916351
1350000001	1360000000	10000000	0	0	0	0	0	0	0	0	0	52.9467	1358305127
1360000001	1370000000	10000000	0	0	0	0	0	0	0	0	0	60.2947	1366041343
1370000001	1380000000	10000000	0	0	0	0	0	0	0	0	0	55.9676	1378109439
1380000001	1390000000	10000000	0	0	0	0	0	0	0	0	0	53.3863	1381604351
1390000001	1400000000	10000000	0	0	0	0	0	0	0	0	0	53.0212	1392021039
1400000001	1410000000	10000000	0	0	0	0	0	0	0	0	0	55.2434	1407758587
1410000001	1420000000	10000000	0	0	0	0	0	0	0	0	0	62.6278	1410123943
1420000001	1430000000	10000000	0	0	0	0	0	0	0	0	0	52.8632	1422774767
1430000001	1440000000	10000000	0	0	0	0	0	0	0	0	0	56.1039	1434807423
1440000001	1450000000	10000000	0	0	0	0	0	0	0	0	0	54.8639	1442873627
1450000001	1460000000	10000000	0	0	0	0	0	0	0	0	0	53.2158	1454987519
1460000001	1470000000	10000000	0	0	0	0	0	0	0	0	0	52.9277	1467827995
1470000001	1480000000	10000000	0	0	0	0	0	0	0	0	0	55.5726	1472165103
1480000001	1490000000	10000000	0	0	0	0	0	0	0	0	0	55.2600	1480013735
1490000001	1500000000	10000000	0	0	0	0	0	0	0	0	0	56.5972	1497463807
1500000001	1510000000	10000000	0	0	0	0	0	0	0	0	0	54.6469	1508522975
1510000001	1520000000	10000000	0	0	0	0	0	0	0	0	0	52.0267	1512625391
1520000001	1530000000	10000000	0	0	0	0	0	0	0	0	0	55.6793	1525173487
1530000001	1540000000	10000000	0	0	0	0	0	0	0	0	0	52.0636	1530931047
1540000001	1550000000	10000000	0	0	0	0	0	0	0	0	0	51.4504	1542395439
1550000001	1560000000	10000000	0	0	0	0	0	0	0	0	0	52.0507	1555635199
1560000001	1570000000	10000000	0	0	0	0	0	0	0	0	0	52.5127	1567452799
1570000001	1580000000	10000000	0	0	0	0	0	0	0	0	0	53.6154	1576091263
1580000001	1590000000	10000000	0	0	0	0	0	0	0	0	0	55.2434	1583728411
1590000001	1600000000	10000000	0	0	0	0	0	0	0	0	0	57.2182	1595726319
1600000001	1610000000	10000000	0	0	0	0	0	0	0	0	0	57.5311	1609262951
1610000001	1620000000	10000000	0	0	0	0	0	0	0	0	0	52.5718	1611031487
1620000001	1630000000	10000000	0	0	0	0	0	0	0	0	0	54.8639	1623232831
1630000001	1640000000	10000000	0	0	0	0	0	0	0	0	0	53.2158	1636860959
1640000001	1650000000	10000000	0	0	0	0	0	0	0	0	0	53.4481	1644527719
1650000001	1660000000	10000000	0	0	0	0	0	0	0	0	0	55.0579	1650567335
1660000001	1670000000	10000000	0	0	0	0	0	0	0	0	0	51.1681	1668291359
1670000001	1680000000	10000000	0	0	0	0	0	0	0	0	0	53.1765	1678134511
1680000001	1690000000	10000000	0	0	0	0	0	0	0	0	0	53.1309	1686236519
1690000001	1700000000	10000000	0	0	0	0	0	0	0	0	0	57.5311	1695355207
1700000001	1710000000	10000000	0	0	0	0	0	0	0	0	0	51.6660	1700115547
1710000001	1720000000	10000000	0	0	0	0	0	0	0	0	0	52.9467	1719104927
1720000001	1730000000	10000000	0	0	0	0	0	0	0	0	0	54.6469	1720242175
1730000001	1740000000	10000000	0	0	0	0	0	0	0	0	0	55.7954	1737810559
1740000001	1750000000	10000000	0	0	0	0	0	0	0	0	0	55.1602	1747969263
1750000001	1760000000	10000000	0	0	0	0	0	0	0	0	0	53.4481	1756143615
1760000001	1770000000	10000000	0	0	0	0	0	0	0	0	0	54.3443	1765231103
1770000001	1780000000	10000000	0	0	0	0	0	0	0	0	0	56.5972	1774771919
1780000001	1790000000	10000000	0	0	0	0	0	0	0	0	0	55.2434	1781694463
1790000001	1800000000	10000000	0	0	0	0	0	0	0	0	0	53.7105	1797813487
1800000001	1810000000	10000000	0	0	0	0	0	0	0	0	0	52.8466	1804338459
1810000001	1820000000	10000000	0	0	0	0	0	0	0	0	0	54.6469	1812271591
1820000001	1830000000	10000000	0	0	0	0	0	0	0	0	0	56.7205	1827397567
1830000001	1840000000	10000000	0	0	0	0	0	0	0	0	0	53.7922	1830608127
1840000001	1850000000	10000000	0	0	0	0	0	0	0	0	0	55.7479	1845011903
1850000001	1860000000	10000000	0	0	0	0	0	0	0	0	0	51.0141	1850853147
1860000001	1870000000	10000000	0	0	0	0	0	0	0	0	0	53.6154	1867960015
1870000001	1880000000	10000000	0	0	0	0	0	0	0	0	0	51.5641	1877574335
1880000001	1890000000	10000000	0	0	0	0	0	0	0	0	0	53.4179	1883001327
1890000001	1900000000	10000000	0	0	0	0	0	0	0	0	0	53.1806	1893237019
1900000001	1910000000	10000000	0	0	0	0	0	0	0	0	0	53.9474	1908842823
1910000001	1920000000	10000000	0	0	0	0	0	0	0	0	0	53.4957	1912117019
1920000001	1930000000	10000000	0	0	0	0	0	0	0	0	0	54.8663	1926975007
1930000001	1940000000	10000000	0	0	0	0	0	0	0	0	0	54.6469	1935272447
1940000001	1950000000	10000000	0	0	0	0	0	0	0	0	0	52.9780	1949803935
1950000001	1960000000	10000000	0	0	0	0	0	0	0	0	0	53.5251	1951446255
1960000001	1970000000	10000000	0	0	0	0	0	0	0	0	0	53.1813	1968626687
1970000001	1980000000	10000000	0	0	0	0	0	0	0	0	0	55.2600	1973351647
1980000001	1990000000	10000000	0	0	0	0	0	0	0	0	0	53.4179	1983738023
1990000001	2000000000	10000000	0	0	0	0	0	0	0	0	0	53.6677	1990147263
2000000001	2010000000	10000000	0	0	0	0	0	0	0	0	0	54.7361	2007891815
2010000001	2020000000	10000000	0	0	0	0	0	0	0	0	0	52.9498	2014374527
2020000001	2030000000	10000000	0	0	0	0	0	0	0	0	0	52.8466	2029880767
2030000001	2040000000	10000000	0	0	0	0	0	0	0	0	0	52.9467	2037457691
2040000001	2050000000	10000000	0	0	0	0	0	0	0	0	0	60.2947	2049062015
2050000001	2060000000	10000000	0	0	0	0	0	0	0	0	0	53.7922	2059434143
2060000001	2070000000	10000000	0	0	0	0	0	0	0	0	0	55.9676	2067164159
2070000001	2080000000	10000000	0	0	0	0	0	0	0	0	0	53.3863	2072406527
2080000001	2090000000	10000000	0	0	0	0	0	0	0	0	0	53.0212	2088031559
2090000001	2100000000	10000000	0	0	0	0	0	0	0	0	0	52.9883	2097147519
2100000001	2110000000	10000000	0	0	0	0	0	0	0	0	0	55.2600	2107285183
2110000001	2120000000	10000000	0	0	0	0	0	0	0	0	0	62.6278	2115185915
2120000001	2130000000	10000000	0	0	0	0	0	0	0	0	0	55.2513	2123275035
2130000001	2140000000	10000000	0	0	0	0	0	0	0	0	0	52.8632	2134162151
2140000001	2150000000	10000000	0	0	0	0	0	0	0	0	0	57.5311	2145683935
2150000001	2160000000	10000000	0	0	0	0	0	0	0	0	0	56.1039	2152211135
2160000001	2170000000	10000000	0	0	0	0	0	0	0	0	0	53.3946	2166382287
2170000001	2180000000	10000000	0	0	0	0	0	0	0	0	0	53.1378	2173615775
2180000001	2190000000	10000000	0	0	0	0	0	0	0	0	0	53.2158	2182481279
2190000001	2200000000	10000000	0	0	0	0	0	0	0	0	0	52.6364	2190966783
2200000001	2210000000	10000000	0	0	0	0	0	0	0	0	0	56.7819	2208753511
2210000001	2220000000	10000000	0	0	0	0	0	0	0	0	0	55.1602	2212273599
2220000001	2230000000	10000000	0	0	0	0	0	0	0	0	0	51.8848	2221251227
2230000001	2240000000	10000000	0	0	0	0	0	0	0	0	0	55.0659	2238416319
2240000001	2250000000	10000000	0	0	0	0	0	0	0	0	0	56.5972	2246195711
2250000001	2260000000	10000000	0	0	0	0	0	0	0	0	0	52.5819	2252799487
2260000001	2270000000	10000000	0	0	0	0	0	0	0	0	0	57.2164	2269234971
2270000001	2280000000	10000000	0	0	0	0	0	0	0	0	0	54.2032	2279260671
2280000001	2290000000	10000000	0	0	0	0	0	0	0	0	0	55.6793	2287760231
2290000001	2300000000	10000000	0	0	0	0	0	0	0	0	0	53.6138	2298351231
2300000001	2310000000	10000000	0	0	0	0	0	0	0	0	0	51.5796	2306193407
2310000001	2320000000	10000000	0	0	0	0	0	0	0	0	0	54.8663	2314981023
2320000001	2330000000	10000000	0	0	0	0	0	0	0	0	0	54.2330	2326877031
2330000001	2340000000	10000000	0	0	0	0	0	0	0	0	0	56.0901	2338904223
2340000001	2350000000	10000000	0	0	0	0	0	0	0	0	0	56.5061	2340408679
2350000001	2360000000	10000000	0	0	0	0	0	0	0	0	0	54.3443	2353641471
2360000001	2370000000	10000000	0	0	0	0	0	0	0	0	0	54.2584	2368205791
2370000001	2380000000	10000000	0	0	0	0	0	0	0	0	0	62.6278	2379584155
2380000001	2390000000	10000000	0	0	0	0	0	0	0	0	0	55.9855	2381854879
2390000001	2400000000	10000000	0	0	0	0	0	0	0	0	0	57.2182	2393589479
2400000001	2410000000	10000000	0	0	0	0	0	0	0	0	0	54.0214	2408937919
2410000001	2420000000	10000000	0	0	0	0	0	0	0	0	0	57.5311	2413894427
2420000001	2430000000	10000000	0	0	0	0	0	0	0	0	0	52.2000	2428582555
2430000001	2440000000	10000000	0	0	0	0	0	0	0	0	0	54.8639	2434849247
2440000001	2450000000	10000000	0	0	0	0	0	0	0	0	0	53.6447	2445646075
2450000001	2460000000	10000000	0	0	0	0	0	0	0	0	0	53.9702	2454528751
2460000001	2470000000	10000000	0	0	0	0	0	0	0	0	0	56.5061	2465615727
2470000001	2480000000	10000000	0	0	0	0	0	0	0	0	0	55.0579	2475851003
2480000001	2490000000	10000000	0	0	0	0	0	0	0	0	0	54.1984	2487205887
2490000001	2500000000	10000000	0	0	0	0	0	0	0	0	0	52.8230	2493396199
2500000001	2510000000	10000000	0	0	0	0	0	0	0	0	0	54.9997	2505164571
2510000001	2520000000	10000000	0	0	0	0	0	0	0	0	0	53.8018	2519309311
2520000001	2530000000	10000000	0	0	0	0	0	0	0	0	0	54.8432	2528549887
2530000001	2540000000	10000000	0	0	0	0	0	0	0	0	0	55.2600	2531597551
2540000001	2550000000	10000000	0	0	0	0	0	0	0	0	0	54.7572	2543989991
2550000001	2560000000	10000000	0	0	0	0	0	0	0	0	0	57.2164	2552889343
2560000001	2570000000	10000000	0	0	0	0	0	0	0	0	0	53.2988	2565631615
2570000001	2580000000	10000000	0	0	0	0	0	0	0	0	0	52.9467	2578657391
2580000001	2590000000	10000000	0	0	0	0	0	0	0	0	0	54.6469	2580363263
2590000001	2600000000	10000000	0	0	0	0	0	0	0	0	0	56.9015	2597495835
2600000001	2610000000	10000000	0	0	0	0	0	0	0	0	0	55.7954	2606715839
2610000001	2620000000	10000000	0	0	0	0	0	0	0	0	0	52.7620	2617109787
2620000001	2630000000	10000000	0	0	0	0	0	0	0	0	0	55.1602	2621953895
2630000001	2640000000	10000000	0	0	0	0	0	0	0	0	0	55.5415	2631827455
2640000001	2650000000	10000000	0	0	0	0	0	0	0	0	0	54.3443	2647846655
2650000001	2660000000	10000000	0	0	0	0	0	0	0	0	0	52.8802	2654459295
2660000001	2670000000	10000000	0	0	0	0	0	0	0	0	0	54.2584	2664231515
2670000001	2680000000	10000000	0	0	0	0	0	0	0	0	0	62.6278	2677032175
2680000001	2690000000	10000000	0	0	0	0	0	0	0	0	0	54.4945	2683602407
2690000001	2700000000	10000000	0	0	0	0	0	0	0	0	0	53.7105	2696720231
2700000001	2710000000	10000000	0	0	0	0	0	0	0	0	0	52.6421	2709464703
2710000001	2720000000	10000000	0	0	0	0	0	0	0	0	0	57.5311	2715631231
2720000001	2730000000	10000000	0	0	0	0	0	0	0	0	0	53.4630	2728933023
2730000001	2740000000	10000000	0	0	0	0	0	0	0	0	0	60.2947	2732082687
2740000001	2750000000	10000000	0	0	0	0	0	0	0	0	0	56.7205	2741096351
2750000001	2760000000	10000000	0	0	0	0	0	0	0	0	0	55.9676	2756218879
2760000001	2770000000	10000000	0	0	0	0	0	0	0	0	0	55.7479	2767517855
2770000001	2780000000	10000000	0	0	0	0	0	0	0	0	0	54.2401	2771239963
2780000001	2790000000	10000000	0	0	0	0	0	0	0	0	0	58.3244	2783019711
2790000001	2800000000	10000000	0	0	0	0	0	0	0	0	0	54.2330	2795405311
2800000001	2810000000	10000000	0	0	0	0	0	0	0	0	0	52.1639	2807089791
2810000001	2820000000	10000000	0	0	0	0	0	0	0	0	0	54.9997	2818310143
2820000001	2830000000	10000000	0	0	0	0	0	0	0	0	0	54.5872	2823217791
2830000001	2840000000	10000000	0	0	0	0	0	0	0	0	0	53.8212	2839773183
2840000001	2850000000	10000000	0	0	0	0	0	0	0	0	0	53.1309	2845524127
2850000001	2860000000	10000000	0	0	0	0	0	0	0	0	0	56.2842	2857263039
2860000001	2870000000	10000000	0	0	0	0	0	0	0	0	0	56.2888	2866487463
2870000001	2880000000	10000000	0	0	0	0	0	0	0	0	0	53.2908	2870317723
2880000001	2890000000	10000000	0	0	0	0	0	0	0	0	0	53.1309	2884346367
2890000001	2900000000	10000000	0	0	0	0	0	0	0	0	0	55.7919	2892043503
2900000001	2910000000	10000000	0	0	0	0	0	0	0	0	0	54.6469	2902908671
2910000001	2920000000	10000000	0	0	0	0	0	0	0	0	0	52.2565	2913280167
2920000001	2930000000	10000000	0	0	0	0	0	0	0	0	0	56.9015	2922182815
2930000001	2940000000	10000000	0	0	0	0	0	0	0	0	0	56.3438	2937800703
2940000001	2950000000	10000000	0	0	0	0	0	0	0	0	0	55.5726	2944330207
2950000001	2960000000	10000000	0	0	0	0	0	0	0	0	0	53.1813	2952940031
2960000001	2970000000	10000000	0	0	0	0	0	0	0	0	0	54.3359	2961555455
2970000001	2980000000	10000000	0	0	0	0	0	0	0	0	0	53.4179	2975607035
2980000001	2990000000	10000000	0	0	0	0	0	0	0	0	0	54.7280	2988589147
2990000001	3000000000	10000000	0	0	0	0	0	0	0	0	0	56.5972	2994927615
3000000001	3010000000	10000000	0	0	0	0	0	0	0	0	0	52.6620	3007842303
3010000001	3020000000	10000000	0	0	0	0	0	0	0	0	0	54.7361	3011837723
3020000001	3030000000	10000000	0	0	0	0	0	0	0	0	0	56.0313	3028474015
3030000001	3040000000	10000000	0	0	0	0	0	0	0	0	0	54.6698	3030384639
3040000001	3050000000	10000000	0	0	0	0	0	0	0	0	0	58.2813	3045179391
3050000001	3060000000	10000000	0	0	0	0	0	0	0	0	0	55.6793	3050346975
3060000001	3070000000	10000000	0	0	0	0	0	0	0	0	0	55.3086	3061467375
3070000001	3080000000	10000000	0	0	0	0	0	0	0	0	0	60.2947	3073593023
3080000001	3090000000	10000000	0	0	0	0	0	0	0	0	0	56.1501	3085910127
3090000001	3100000000	10000000	0	0	0	0	0	0	0	0	0	53.6447	3095270815
3100000001	3110000000	10000000	0	0	0	0	0	0	0	0	0	55.9676	3100746239
3110000001	3120000000	10000000	0	0	0	0	0	0	0	0	0	54.2401	3117644959
3120000001	3130000000	10000000	0	0	0	0	0	0	0	0	0	53.5878	3128192359
3130000001	3140000000	10000000	0	0	0	0	0	0	0	0	0	55.0579	3133498927
3140000001	3150000000	10000000	0	0	0	0	0	0	0	0	0	53.4774	3143131455
3150000001	3160000000	10000000	0	0	0	0	0	0	0	0	0	53.8984	3156298491
3160000001	3170000000	10000000	0	0	0	0	0	0	0	0	0	55.2600	3160927775
3170000001	3180000000	10000000	0	0	0	0	0	0	0	0	0	53.9274	3176946943
3180000001	3190000000	10000000	0	0	0	0	0	0	0	0	0	58.5189	3184692507
3190000001	3200000000	10000000	0	0	0	0	0	0	0	0	0	57.2182	3191452639
3200000001	3210000000	10000000	0	0	0	0	0	0	0	0	0	55.2600	3204053151
3210000001	3220000000	10000000	0	0	0	0	0	0	0	0	0	57.5311	3218525903
3220000001	3230000000	10000000	0	0	0	0	0	0	0	0	0	56.1039	3228316703
3230000001	3240000000	10000000	0	0	0	0	0	0	0	0	0	55.8801	3238885535
3240000001	3250000000	10000000	0	0	0	0	0	0	0	0	0	52.9043	3249374143
3250000001	3260000000	10000000	0	0	0	0	0	0	0	0	0	54.8688	3257560935
3260000001	3270000000	10000000	0	0	0	0	0	0	0	0	0	53.1378	3260423663
3270000001	3280000000	10000000	0	0	0	0	0	0	0	0	0	53.2158	3273721919
3280000001	3290000000	10000000	0	0	0	0	0	0	0	0	0	52.6364	3286450175
3290000001	3300000000	10000000	0	0	0	0	0	0	0	0	0	55.5635	3291510943
3300000001	3310000000	10000000	0	0	0	0	0	0	0	0	0	53.4933	3303064047
3310000001	3320000000	10000000	0	0	0	0	0	0	0	0	0	56.7819	3313130267
3320000001	3330000000	10000000	0	0	0	0	0	0	0	0	0	55.6512	3320346783
3330000001	3340000000	10000000	0	0	0	0	0	0	0	0	0	52.0908	3331823527
3340000001	3350000000	10000000	0	0	0	0	0	0	0	0	0	53.4179	3347557915
3350000001	3360000000	10000000	0	0	0	0	0	0	0	0	0	56.2155	3355874751
3360000001	3370000000	10000000	0	0	0	0	0	0	0	0	0	56.5972	3369293567
3370000001	3380000000	10000000	0	0	0	0	0	0	0	0	0	53.1309	3372473039
3380000001	3390000000	10000000	0	0	0	0	0	0	0	0	0	54.9237	3383977599
3390000001	3400000000	10000000	0	0	0	0	0	0	0	0	0	54.7572	3391986655
3400000001	3410000000	10000000	0	0	0	0	0	0	0	0	0	53.8000	3400674395
3410000001	3420000000	10000000	0	0	0	0	0	0	0	0	0	56.0317	3415032447
3420000001	3430000000	10000000	0	0	0	0	0	0	0	0	0	54.3201	3425088927
3430000001	3440000000	10000000	0	0	0	0	0	0	0	0	0	55.6793	3431640347
3440000001	3450000000	10000000	0	0	0	0	0	0	0	0	0	53.6138	3447526847
3450000001	3460000000	10000000	0	0	0	0	0	0	0	0	0	52.8631	3457547071
3460000001	3470000000	10000000	0	0	0	0	0	0	0	0	0	56.6755	3462172575
3470000001	3480000000	10000000	0	0	0	0	0	0	0	0	0	55.7954	3475621119
3480000001	3490000000	10000000	0	0	0	0	0	0	0	0	0	56.5704	3484358983
3490000001	3500000000	10000000	0	0	0	0	0	0	0	0	0	55.1602	3495938527
3500000001	3510000000	10000000	0	0	0	0	0	0	0	0	0	56.4483	3505499263
3510000001	3520000000	10000000	0	0	0	0	0	0	0	0	0	56.5061	3510613019
3520000001	3530000000	10000000	0	0	0	0	0	0	0	0	0	52.9065	3522669055
3530000001	3540000000	10000000	0	0	0	0	0	0	0	0	0	54.3443	3530462207
3540000001	3550000000	10000000	0	0	0	0	0	0	0	0	0	54.1043	3543087551
3550000001	3560000000	10000000	0	0	0	0	0	0	0	0	0	54.3932	3554650623
3560000001	3570000000	10000000	0	0	0	0	0	0	0	0	0	55.2434	3563388927
3570000001	3580000000	10000000	0	0	0	0	0	0	0	0	0	55.9855	3572782319
3580000001	3590000000	10000000	0	0	0	0	0	0	0	0	0	58.5189	3582779071
3590000001	3600000000	10000000	0	0	0	0	0	0	0	0	0	57.2182	3590384219
3600000001	3610000000	10000000	0	0	0	0	0	0	0	0	0	53.1309	3608894463
3610000001	3620000000	10000000	0	0	0	0	0	0	0	0	0	54.0214	3613406879
3620000001	3630000000	10000000	0	0	0	0	0	0	0	0	0	53.9474	3623818799
3630000001	3640000000	10000000	0	0	0	0	0	0	0	0	0	55.7831	3638139903
3640000001	3650000000	10000000	0	0	0	0	0	0	0	0	0	55.9561	3645794815
3650000001	3660000000	10000000	0	0	0	0	0	0	0	0	0	56.7205	3654795135
3660000001	3670000000	10000000	0	0	0	0	0	0	0	0	0	56.3438	3668109031
3670000001	3680000000	10000000	0	0	0	0	0	0	0	0	0	54.6290	3678106863
3680000001	3690000000	10000000	0	0	0	0	0	0	0	0	0	53.9702	3681793127
3690000001	3700000000	10000000	0	0	0	0	0	0	0	0	0	55.8792	3691290623
3700000001	3710000000	10000000	0	0	0	0	0	0	0	0	0	56.2425	3701222399
3710000001	3720000000	10000000	0	0	0	0	0	0	0	0	0	52.9277	3715439615
3720000001	3730000000	10000000	0	0	0	0	0	0	0	0	0	56.7819	3727271551
3730000001	3740000000	10000000	0	0	0	0	0	0	0	0	0	54.1984	3730808831
3740000001	3750000000	10000000	0	0	0	0	0	0	0	0	0	56.3132	3740167807
3750000001	3760000000	10000000	0	0	0	0	0	0	0	0	0	54.5457	3750373467
3760000001	3770000000	10000000	0	0	0	0	0	0	0	0	0	53.4179	3766002655
3770000001	3780000000	10000000	0	0	0	0	0	0	0	0	0	54.4201	3771711103
3780000001	3790000000	10000000	0	0	0	0	0	0	0	0	0	53.7455	3784993279
3790000001	3800000000	10000000	0	0	0	0	0	0	0	0	0	55.2600	3797396327
3800000001	3810000000	10000000	0	0	0	0	0	0	0	0	0	53.3391	3807836319
3810000001	3820000000	10000000	0	0	0	0	0	0	0	0	0	55.8167	3818249983
3820000001	3830000000	10000000	0	0	0	0	0	0	0	0	0	57.2164	3829334015
3830000001	3840000000	10000000	0	0	0	0	0	0	0	0	0	52.8230	3834828671
3840000001	3850000000	10000000	0	0	0	0	0	0	0	0	0	54.3514	3840395035
3850000001	3860000000	10000000	0	0	0	0	0	0	0	0	0	54.2637	3851027487
3860000001	3870000000	10000000	0	0	0	0	0	0	0	0	0	55.6793	3860595391
3870000001	3880000000	10000000	0	0	0	0	0	0	0	0	0	57.6477	3872662975
3880000001	3890000000	10000000	0	0	0	0	0	0	0	0	0	53.0291	3887320223
3890000001	3900000000	10000000	0	0	0	0	0	0	0	0	0	53.0326	3896906991
3900000001	3910000000	10000000	0	0	0	0	0	0	0	0	0	56.7205	3902850079
3910000001	3920000000	10000000	0	0	0	0	0	0	0	0	0	55.7954	3910073759
3920000001	3930000000	10000000	0	0	0	0	0	0	0	0	0	55.4981	3927599103
3930000001	3940000000	10000000	0	0	0	0	0	0	0	0	0	55.1602	3932930843
3940000001	3950000000	10000000	0	0	0	0	0	0	0	0	0	56.5061	3949439647
3950000001	3960000000	10000000	0	0	0	0	0	0	0	0	0	53.7337	3955169607
3960000001	3970000000	10000000	0	0	0	0	0	0	0	0	0	54.3625	3968019687
3970000001	3980000000	10000000	0	0	0	0	0	0	0	0	0	54.4949	3972421167
3980000001	3990000000	10000000	0	0	0	0	0	0	0	0	0	53.6677	3980294527
3990000001	4000000000	10000000	0	0	0	0	0	0	0	0	0	53.8984	3994690279
4000000001	4010000000	10000000	0	0	0	0	0	0	0	0	0	55.2434	4008812543
4010000001	4020000000	10000000	0	0	0	0	0	0	0	0	0	62.6278	4015548263
4020000001	4030000000	10000000	0	0	0	0	0	0	0	0	0	53.6656	4028800767
4030000001	4040000000	10000000	0	0	0	0	0	0	0	0	0	57.2182	4039182247
4040000001	4050000000	10000000	0	0	0	0	0	0	0	0	0	56.0317	4047445863
4050000001	4060000000	10000000	0	0	0	0	0	0	0	0	0	54.3359	4057098751
4060000001	4070000000	10000000	0	0	0	0	0	0	0	0	0	53.9427	4063801983
4070000001	4080000000	10000000	0	0	0	0	0	0	0	0	0	57.5311	4073446847
4080000001	4090000000	10000000	0	0	0	0	0	0	0	0	0	55.3640	4081276143
4090000001	4100000000	10000000	0	0	0	0	0	0	0	0	0	60.2947	4098124031
4100000001	4110000000	10000000	0	0	0	0	0	0	0	0	0	53.4491	4109571311
4110000001	4120000000	10000000	0	0	0	0	0	0	0	0	0	57.0944	4114306843
4120000001	4130000000	10000000	0	0	0	0	0	0	0	0	0	54.8134	4123438875
4130000001	4140000000	10000000	0	0	0	0	0	0	0	0	0	55.9676	4134328319
4140000001	4150000000	10000000	0	0	0	0	0	0	0	0	0	53.3863	4144813055
4150000001	4160000000	10000000	0	0	0	0	0	0	0	0	0	55.7479	4151276783
4160000001	4170000000	10000000	0	0	0	0	0	0	0	0	0	53.0203	4164888679
4170000001	4180000000	10000000	0	0	0	0	0	0	0	0	0	58.3244	4174529567
4180000001	4190000000	10000000	0	0	0	0	0	0	0	0	0	54.3625	4180300575
4190000001	4200000000	10000000	0	0	0	0	0	0	0	0	0	54.2330	4193107967
4200000001	4210000000	10000000	0	0	0	0	0	0	0	0	0	56.1620	4205115111
4210000001	4220000000	10000000	0	0	0	0	0	0	0	0	0	54.5457	4219170151
4220000001	4230000000	10000000	0	0	0	0	0	0	0	0	0	56.6980	4224790143
4230000001	4240000000	10000000	0	0	0	0	0	0	0	0	0	54.5872	4234826687
4240000001	4250000000	10000000	0	0	0	0	0	0	0	0	0	55.3295	4246496895
4250000001	4260000000	10000000	0	0	0	0	0	0	0	0	0	55.5576	4254115455
4260000001	4270000000	10000000	0	0	0	0	0	0	0	0	0	53.2196	4268271039
4270000001	4280000000	10000000	0	0	0	0	0	0	0	0	0	53.2616	4276776959
4280000001	4290000000	10000000	0	0	0	0	0	0	0	0	0	56.2842	4285894559
4290000001	4300000000	10000000	0	0	0	0	0	0	0	0	0	56.2888	4299731195
4300000001	4310000000	10000000	0	0	0	0	0	0	0	0	0	56.1039	4304422271
4310000001	4320000000	10000000	0	0	0	0	0	0	0	0	0	55.8801	4318514047
4320000001	4330000000	10000000	0	0	0	0	0	0	0	0	0	55.6551	4320357735
4330000001	4340000000	10000000	0	0	0	0	0	0	0	0	0	55.7919	4338065255
4340000001	4350000000	10000000	0	0	0	0	0	0	0	0	0	53.1378	4347231551
4350000001	4360000000	10000000	0	0	0	0	0	0	0	0	0	56.2724	4358647423
4360000001	4370000000	10000000	0	0	0	0	0	0	0	0	0	53.2158	4364962559
4370000001	4380000000	10000000	0	0	0	0	0	0	0	0	0	53.2175	4370125467
4380000001	4390000000	10000000	0	0	0	0	0	0	0	0	0	56.9015	4383274223
4390000001	4400000000	10000000	0	0	0	0	0	0	0	0	0	53.8865	4397018863
4400000001	4410000000	10000000	0	0	0	0	0	0	0	0	0	56.5704	4409891839
4410000001	4420000000	10000000	0	0	0	0	0	0	0	0	0	56.7819	4417507023
4420000001	4430000000	10000000	0	0	0	0	0	0	0	0	0	55.5389	4423763739
4430000001	4440000000	10000000	0	0	0	0	0	0	0	0	0	55.4269	4430889831
4440000001	4450000000	10000000	0	0	0	0	0	0	0	0	0	57.3185	4448960511
4450000001	4460000000	10000000	0	0	0	0	0	0	0	0	0	53.4002	4459668159
4460000001	4470000000	10000000	0	0	0	0	0	0	0	0	0	54.7415	4464161823
4470000001	4480000000	10000000	0	0	0	0	0	0	0	0	0	55.0659	4476832639
4480000001	4490000000	10000000	0	0	0	0	0	0	0	0	0	53.0098	4484976863
4490000001	4500000000	10000000	0	0	0	0	0	0	0	0	0	56.5972	4492391423
4500000001	4510000000	10000000	0	0	0	0	0	0	0	0	0	55.0934	4501690815
4510000001	4520000000	10000000	0	0	0	0	0	0	0	0	0	57.2075	4510433127
4520000001	4530000000	10000000	0	0	0	0	0	0	0	0	0	54.0972	4523054875
4530000001	4540000000	10000000	0	0	0	0	0	0	0	0	0	56.2549	4536436159
4540000001	4550000000	10000000	0	0	0	0	0	0	0	0	0	56.0313	4542711023
4550000001	4560000000	10000000	0	0	0	0	0	0	0	0	0	54.2032	4558521343
4560000001	4570000000	10000000	0	0	0	0	0	0	0	0	0	58.2813	4567769087
4570000001	4580000000	10000000	0	0	0	0	0	0	0	0	0	55.6793	4575520463
4580000001	4590000000	10000000	0	0	0	0	0	0	0	0	0	54.5499	4580255279
4590000001	4600000000	10000000	0	0	0	0	0	0	0	0	0	55.3086	4592201063
4600000001	4610000000	10000000	0	0	0	0	0	0	0	0	0	54.2386	4608663295
4610000001	4620000000	10000000	0	0	0	0	0	0	0	0	0	60.2947	4610389535
4620000001	4630000000	10000000	0	0	0	0	0	0	0	0	0	57.0944	4628595199
4630000001	4640000000	10000000	0	0	0	0	0	0	0	0	0	54.8134	4638868735
4640000001	4650000000	10000000	0	0	0	0	0	0	0	0	0	53.7198	4642496127
4650000001	4660000000	10000000	0	0	0	0	0	0	0	0	0	55.9676	4651119359
4660000001	4670000000	10000000	0	0	0	0	0	0	0	0	0	55.3128	4668605055
4670000001	4680000000	10000000	0	0	0	0	0	0	0	0	0	56.0901	4677808447
4680000001	4690000000	10000000	0	0	0	0	0	0	0	0	0	56.5061	4680817359
4690000001	4700000000	10000000	0	0	0	0	0	0	0	0	0	54.9997	4691885727
4700000001	4710000000	10000000	0	0	0	0	0	0	0	0	0	56.4009	4700493871
4710000001	4720000000	10000000	0	0	0	0	0	0	0	0	0	61.6878	4719235231
4720000001	4730000000	10000000	0	0	0	0	0	0	0	0	0	54.8217	4729306111
4730000001	4740000000	10000000	0	0	0	0	0	0	0	0	0	53.2379	4733159167
4740000001	4750000000	10000000	0	0	0	0	0	0	0	0	0	52.4112	4744191771
4750000001	4760000000	10000000	0	0	0	0	0	0	0	0	0	54.0182	4752420091
4760000001	4770000000	10000000	0	0	0	0	0	0	0	0	0	55.9855	4763709759
4770000001	4780000000	10000000	0	0	0	0	0	0	0	0	0	57.1593	4776377455
4780000001	4790000000	10000000	0	0	0	0	0	0	0	0	0	57.2182	4787178959
4790000001	4800000000	10000000	0	0	0	0	0	0	0	0	0	55.2192	4790422887
4800000001	4810000000	10000000	0	0	0	0	0	0	0	0	0	55.2600	4806079727
4810000001	4820000000	10000000	0	0	0	0	0	0	0	0	0	60.2060	4811715163
4820000001	4830000000	10000000	0	0	0	0	0	0	0	0	0	55.0196	4821895963
4830000001	4840000000	10000000	0	0	0	0	0	0	0	0	0	56.2888	4837197595
4840000001	4850000000	10000000	0	0	0	0	0	0	0	0	0	56.1039	4842475055
4850000001	4860000000	10000000	0	0	0	0	0	0	0	0	0	57.2182	4852491711
4860000001	4870000000	10000000	0	0	0	0	0	0	0	0	0	53.6373	4866221727
4870000001	4880000000	10000000	0	0	0	0	0	0	0	0	0	53.6413	4879746151
4880000001	4890000000	10000000	0	0	0	0	0	0	0	0	0	54.8688	4886341403
4890000001	4900000000	10000000	0	0	0	0	0	0	0	0	0	53.1378	4890635495
4900000001	4910000000	10000000	0	0	0	0	0	0	0	0	0	53.9702	4909057503
4910000001	4920000000	10000000	0	0	0	0	0	0	0	0	0	55.0692	4913114751
4920000001	4930000000	10000000	0	0	0	0	0	0	0	0	0	56.6755	4929538687
4930000001	4940000000	10000000	0	0	0	0	0	0	0	0	0	56.2425	4934963199
4940000001	4950000000	10000000	0	0	0	0	0	0	0	0	0	55.5645	4940677231
4950000001	4960000000	10000000	0	0	0	0	0	0	0	0	0	54.5895	4959502335
4960000001	4970000000	10000000	0	0	0	0	0	0	0	0	0	54.1017	4967789311
4970000001	4980000000	10000000	0	0	0	0	0	0	0	0	0	56.2730	4972643007
4980000001	4990000000	10000000	0	0	0	0	0	0	0	0	0	55.6512	4980520175
4990000001	5000000000	10000000	0	0	0	0	0	0	0	0	0	56.2202	4992872295
5000000001	5010000000	10000000	0	0	0	0	0	0	0	0	0	53.7337	5005761535
5010000001	5020000000	10000000	0	0	0	0	0	0	0	0	0	54.6061	5016864763
5020000001	5030000000	10000000	0	0	0	0	0	0	0	0	0	53.2879	5024196699
5030000001	5040000000	10000000	0	0	0	0	0	0	0	0	0	56.2155	5033812127
5040000001	5050000000	10000000	0	0	0	0	0	0	0	0	0	54.7280	5043244187
5050000001	5060000000	10000000	0	0	0	0	0	0	0	0	0	56.5972	5053940351
5060000001	5070000000	10000000	0	0	0	0	0	0	0	0	0	55.2600	5063195103
5070000001	5080000000	10000000	0	0	0	0	0	0	0	0	0	54.9237	5075966399
5080000001	5090000000	10000000	0	0	0	0	0	0	0	0	0	54.7572	5087979983
5090000001	5100000000	10000000	0	0	0	0	0	0	0	0	0	54.3443	5095352959
5100000001	5110000000	10000000	0	0	0	0	0	0	0	0	0	57.2164	5105778687
5110000001	5120000000	10000000	0	0	0	0	0	0	0	0	0	53.1997	5115897855
5120000001	5130000000	10000000	0	0	0	0	0	0	0	0	0	56.0317	5122548671
5130000001	5140000000	10000000	0	0	0	0	0	0	0	0	0	54.3201	5137633391
5140000001	5150000000	10000000	0	0	0	0	0	0	0	0	0	52.6243	5149891823
5150000001	5160000000	10000000	0	0	0	0	0	0	0	0	0	53.3613	5155783711
5160000001	5170000000	10000000	0	0	0	0	0	0	0	0	0	56.2148	5169814527
5170000001	5180000000	10000000	0	0	0	0	0	0	0	0	0	54.3667	5175166447
5180000001	5190000000	10000000	0	0	0	0	0	0	0	0	0	55.0137	5187180159
5190000001	5200000000	10000000	0	0	0	0	0	0	0	0	0	56.6755	5193258863
5200000001	5210000000	10000000	0	0	0	0	0	0	0	0	0	58.8101	5207023135
5210000001	5220000000	10000000	0	0	0	0	0	0	0	0	0	55.7954	5213431679
5220000001	5230000000	10000000	0	0	0	0	0	0	0	0	0	55.8907	5226457599
5230000001	5240000000	10000000	0	0	0	0	0	0	0	0	0	55.7062	5233419711
5240000001	5250000000	10000000	0	0	0	0	0	0	0	0	0	55.1602	5243907791
5250000001	5260000000	10000000	0	0	0	0	0	0	0	0	0	56.4483	5258248895
5260000001	5270000000	10000000	0	0	0	0	0	0	0	0	0	56.0901	5262534503
5270000001	5280000000	10000000	0	0	0	0	0	0	0	0	0	57.3185	5272842087
5280000001	5290000000	10000000	0	0	0	0	0	0	0	0	0	54.8151	5285296879
5290000001	5300000000	10000000	0	0	0	0	0	0	0	0	0	55.4204	5299223655
5300000001	5310000000	10000000	0	0	0	0	0	0	0	0	0	54.0428	5304197991
5310000001	5320000000	10000000	0	0	0	0	0	0	0	0	0	55.5564	5318289055
5320000001	5330000000	10000000	0	0	0	0	0	0	0	0	0	53.4265	5321629695
5330000001	5340000000	10000000	0	0	0	0	0	0	0	0	0	54.3932	5331975935
5340000001	5350000000	10000000	0	0	0	0	0	0	0	0	0	55.2434	5345083391
5350000001	5360000000	10000000	0	0	0	0	0	0	0	0	0	62.6278	5354064351
5360000001	5370000000	10000000	0	0	0	0	0	0	0	0	0	54.1190	5369017627
5370000001	5380000000	10000000	0	0	0	0	0	0	0	0	0	58.5189	5374168607
5380000001	5390000000	10000000	0	0	0	0	0	0	0	0	0	54.9336	5384023279
5390000001	5400000000	10000000	0	0	0	0	0	0	0	0	0	55.5963	5393671615
5400000001	5410000000	10000000	0	0	0	0	0	0	0	0	0	55.5235	5402796735
5410000001	5420000000	10000000	0	0	0	0	0	0	0	0	0	60.2060	5413179559
5420000001	5430000000	10000000	0	0	0	0	0	0	0	0	0	55.0196	5424632959
5430000001	5440000000	10000000	0	0	0	0	0	0	0	0	0	57.5311	5431262463
5440000001	5450000000	10000000	0	0	0	0	0	0	0	0	0	56.2888	5441847295
5450000001	5460000000	10000000	0	0	0	0	0	0	0	0	0	55.7831	5457209855
5460000001	5470000000	10000000	0	0	0	0	0	0	0	0	0	55.9561	5468692223
5470000001	5480000000	10000000	0	0	0	0	0	0	0	0	0	53.4491	5479428415
5480000001	5490000000	10000000	0	0	0	0	0	0	0	0	0	56.7205	5482192703
5490000001	5500000000	10000000	0	0	0	0	0	0	0	0	0	55.7919	5490363839
5500000001	5510000000	10000000	0	0	0	0	0	0	0	0	0	52.8713	5506428007
5510000001	5520000000	10000000	0	0	0	0	0	0	0	0	0	55.2123	5511053311
5520000001	5530000000	10000000	0	0	0	0	0	0	0	0	0	58.3503	5526780031
5530000001	5540000000	10000000	0	0	0	0	0	0	0	0	0	55.8792	5536935935
5540000001	5550000000	10000000	0	0	0	0	0	0	0	0	0	53.2800	5545512095
5550000001	5560000000	10000000	0	0	0	0	0	0	0	0	0	56.2425	5551833599
5560000001	5570000000	10000000	0	0	0	0	0	0	0	0	0	58.3244	5566039423
5570000001	5580000000	10000000	0	0	0	0	0	0	0	0	0	54.1721	5570105247
5580000001	5590000000	10000000	0	0	0	0	0	0	0	0	0	55.5726	5589626879
5590000001	5600000000	10000000	0	0	0	0	0	0	0	0	0	56.7819	5590907327
5600000001	5610000000	10000000	0	0	0	0	0	0	0	0	0	57.7665	5606735391
5610000001	5620000000	10000000	0	0	0	0	0	0	0	0	0	56.3132	5610251711
5620000001	5630000000	10000000	0	0	0	0	0	0	0	0	0	53.1309	5626184807
5630000001	5640000000	10000000	0	0	0	0	0	0	0	0	0	55.6041	5635991167
5640000001	5650000000	10000000	0	0	0	0	0	0	0	0	0	55.4160	5641697727
5650000001	5660000000	10000000	0	0	0	0	0	0	0	0	0	56.7596	5656248063
5660000001	5670000000	10000000	0	0	0	0	0	0	0	0	0	54.4970	5664485223
5670000001	5680000000	10000000	0	0	0	0	0	0	0	0	0	54.7280	5673649711
5680000001	5690000000	10000000	0	0	0	0	0	0	0	0	0	54.8432	5689237247
5690000001	5700000000	10000000	0	0	0	0	0	0	0	0	0	55.2600	5696094491
5700000001	5710000000	10000000	0	0	0	0	0	0	0	0	0	53.2616	5702369279
5710000001	5720000000	10000000	0	0	0	0	0	0	0	0	0	56.2842	5714526079
5720000001	5730000000	10000000	0	0	0	0	0	0	0	0	0	55.8167	5727374975
5730000001	5740000000	10000000	0	0	0	0	0	0	0	0	0	54.4945	5731482879
5740000001	5750000000	10000000	0	0	0	0	0	0	0	0	0	57.2164	5744001023
5750000001	5760000000	10000000	0	0	0	0	0	0	0	0	0	57.2182	5751101287
5760000001	5770000000	10000000	0	0	0	0	0	0	0	0	0	54.3335	5767063551
5770000001	5780000000	10000000	0	0	0	0	0	0	0	0	0	54.2637	5776541231
5780000001	5790000000	10000000	0	0	0	0	0	0	0	0	0	55.7919	5784087007
5790000001	5800000000	10000000	0	0	0	0	0	0	0	0	0	55.6793	5790893087
5800000001	5810000000	10000000	0	0	0	0	0	0	0	0	0	57.6477	5808994463
5810000001	5820000000	10000000	0	0	0	0	0	0	0	0	0	56.3092	5814514431
5820000001	5830000000	10000000	0	0	0	0	0	0	0	0	0	54.1409	5820953247
5830000001	5840000000	10000000	0	0	0	0	0	0	0	0	0	54.0138	5836220527
5840000001	5850000000	10000000	0	0	0	0	0	0	0	0	0	56.9015	5844365631
5850000001	5860000000	10000000	0	0	0	0	0	0	0	0	0	56.7205	5854275119
5860000001	5870000000	10000000	0	0	0	0	0	0	0	0	0	57.3794	5861376667
5870000001	5880000000	10000000	0	0	0	0	0	0	0	0	0	56.3438	5875601407
5880000001	5890000000	10000000	0	0	0	0	0	0	0	0	0	57.2709	5884845055
5890000001	5900000000	10000000	0	0	0	0	0	0	0	0	0	56.2730	5893502823
5900000001	5910000000	10000000	0	0	0	0	0	0	0	0	0	55.1997	5901227775
5910000001	5920000000	10000000	0	0	0	0	0	0	0	0	0	55.0137	5915194011
5920000001	5930000000	10000000	0	0	0	0	0	0	0	0	0	56.5061	5924159471
5930000001	5940000000	10000000	0	0	0	0	0	0	0	0	0	56.3215	5931867903
5940000001	5950000000	10000000	0	0	0	0	0	0	0	0	0	58.3244	5943812607
5950000001	5960000000	10000000	0	0	0	0	0	0	0	0	0	54.4949	5958631751
5960000001	5970000000	10000000	0	0	0	0	0	0	0	0	0	53.4774	5967038623
5970000001	5980000000	10000000	0	0	0	0	0	0	0	0	0	54.4785	5971570687
5980000001	5990000000	10000000	0	0	0	0	0	0	0	0	0	57.7665	5987270655
5990000001	6000000000	10000000	0	0	0	0	0	0	0	0	0	57.3522	5990471215
6000000001	6010000000	10000000	0	0	0	0	0	0	0	0	0	52.9014	6004338687
6010000001	6020000000	10000000	0	0	0	0	0	0	0	0	0	55.2434	6013218815
6020000001	6030000000	10000000	0	0	0	0	0	0	0	0	0	62.6278	6023322395
6030000001	6040000000	10000000	0	0	0	0	0	0	0	0	0	54.4949	6039926943
6040000001	6050000000	10000000	0	0	0	0	0	0	0	0	0	58.2911	6049101543
6050000001	6060000000	10000000	0	0	0	0	0	0	0	0	0	56.0313	6056948031
6060000001	6070000000	10000000	0	0	0	0	0	0	0	0	0	58.3702	6065639839
6070000001	6080000000	10000000	0	0	0	0	0	0	0	0	0	56.0317	6071168795
6080000001	6090000000	10000000	0	0	0	0	0	0	0	0	0	57.1296	6084626671
6090000001	6100000000	10000000	0	0	0	0	0	0	0	0	0	58.2813	6090358783
6100000001	6110000000	10000000	0	0	0	0	0	0	0	0	0	56.2842	6102377215
6110000001	6120000000	10000000	0	0	0	0	0	0	0	0	0	57.5311	6110170271
6120000001	6130000000	10000000	0	0	0	0	0	0	0	0	0	55.6289	6123137895
6130000001	6140000000	10000000	0	0	0	0	0	0	0	0	0	53.0264	6131519695
6140000001	6150000000	10000000	0	0	0	0	0	0	0	0	0	60.2947	6147186047
6150000001	6160000000	10000000	0	0	0	0	0	0	0	0	0	56.6755	6154973467
6160000001	6170000000	10000000	0	0	0	0	0	0	0	0	0	54.8639	6163212159
6170000001	6180000000	10000000	0	0	0	0	0	0	0	0	0	56.1501	6171820255
6180000001	6190000000	10000000	0	0	0	0	0	0	0	0	0	55.0182	6180087231
6190000001	6200000000	10000000	0	0	0	0	0	0	0	0	0	53.6447	6190541631
6200000001	6210000000	10000000	0	0	0	0	0	0	0	0	0	55.9676	6201492479
6210000001	6220000000	10000000	0	0	0	0	0	0	0	0	0	54.4991	6210980967
6220000001	6230000000	10000000	0	0	0	0	0	0	0	0	0	55.7479	6226915175
6230000001	6240000000	10000000	0	0	0	0	0	0	0	0	0	55.0137	6231644719
6240000001	6250000000	10000000	0	0	0	0	0	0	0	0	0	53.0203	6247333019
6250000001	6260000000	10000000	0	0	0	0	0	0	0	0	0	56.2440	6252248935
6260000001	6270000000	10000000	0	0	0	0	0	0	0	0	0	58.3244	6261794351
6270000001	6280000000	10000000	0	0	0	0	0	0	0	0	0	56.7596	6277631679
6280000001	6290000000	10000000	0	0	0	0	0	0	0	0	0	54.2330	6289661951
6290000001	6300000000	10000000	0	0	0	0	0	0	0	0	0	55.2370	6293837595
6300000001	6310000000	10000000	0	0	0	0	0	0	0	0	0	56.1620	6307672667
6310000001	6320000000	10000000	0	0	0	0	0	0	0	0	0	54.6181	6316168431
6320000001	6330000000	10000000	0	0	0	0	0	0	0	0	0	56.5061	6326238655
6330000001	6340000000	10000000	0	0	0	0	0	0	0	0	0	56.6980	6337185215
6340000001	6350000000	10000000	0	0	0	0	0	0	0	0	0	54.9997	6341197823
6350000001	6360000000	10000000	0	0	0	0	0	0	0	0	0	54.5872	6352240031
6360000001	6370000000	10000000	0	0	0	0	0	0	0	0	0	55.3295	6369745343
6370000001	6380000000	10000000	0	0	0	0	0	0	0	0	0	56.6513	6376514799
6380000001	6390000000	10000000	0	0	0	0	0	0	0	0	0	56.4088	6387975919
6390000001	6400000000	10000000	0	0	0	0	0	0	0	0	0	53.2755	6390421831
6400000001	6410000000	10000000	0	0	0	0	0	0	0	0	0	55.2626	6406298791
6410000001	6420000000	10000000	0	0	0	0	0	0	0	0	0	53.2616	6415165439
6420000001	6430000000	10000000	0	0	0	0	0	0	0	0	0	56.3379	6420145791
6430000001	6440000000	10000000	0	0	0	0	0	0	0	0	0	53.7007	6435423871
6440000001	6450000000	10000000	0	0	0	0	0	0	0	0	0	55.7417	6444094703
6450000001	6460000000	10000000	0	0	0	0	0	0	0	0	0	56.1039	6456633407
6460000001	6470000000	10000000	0	0	0	0	0	0	0	0	0	53.5930	6464877215
6470000001	6480000000	10000000	0	0	0	0	0	0	0	0	0	55.8801	6477771071
6480000001	6490000000	10000000	0	0	0	0	0	0	0	0	0	56.8250	6480343807
6490000001	6500000000	10000000	0	0	0	0	0	0	0	0	0	54.2789	6492870303
6500000001	6510000000	10000000	0	0	0	0	0	0	0	0	0	55.7919	6507097883
6510000001	6520000000	10000000	0	0	0	0	0	0	0	0	0	54.8688	6515121871
6520000001	6530000000	10000000	0	0	0	0	0	0	0	0	0	55.5348	6527738367
6530000001	6540000000	10000000	0	0	0	0	0	0	0	0	0	56.2724	6537971135
6540000001	6550000000	10000000	0	0	0	0	0	0	0	0	0	54.1993	6547644159
6550000001	6560000000	10000000	0	0	0	0	0	0	0	0	0	53.2164	6550213959
6560000001	6570000000	10000000	0	0	0	0	0	0	0	0	0	53.2555	6564020223
6570000001	6580000000	10000000	0	0	0	0	0	0	0	0	0	56.9015	6574911335
6580000001	6590000000	10000000	0	0	0	0	0	0	0	0	0	55.5635	6583021887
6590000001	6600000000	10000000	0	0	0	0	0	0	0	0	0	57.3794	6594048751
6600000001	6610000000	10000000	0	0	0	0	0	0	0	0	0	54.4540	6605095239
6610000001	6620000000	10000000	0	0	0	0	0	0	0	0	0	56.5704	6614837759
6620000001	6630000000	10000000	0	0	0	0	0	0	0	0	0	54.5736	6629324959
6630000001	6640000000	10000000	0	0	0	0	0	0	0	0	0	55.1602	6636820799
6640000001	6650000000	10000000	0	0	0	0	0	0	0	0	0	56.7460	6640690815
6650000001	6660000000	10000000	0	0	0	0	0	0	0	0	0	55.0137	6654593263
6660000001	6670000000	10000000	0	0	0	0	0	0	0	0	0	54.3359	6663499775
6670000001	6680000000	10000000	0	0	0	0	0	0	0	0	0	57.3185	6673440767
6680000001	6690000000	10000000	0	0	0	0	0	0	0	0	0	56.7205	6689812095
6690000001	6700000000	10000000	0	0	0	0	0	0	0	0	0	54.7415	6696242735
6700000001	6710000000	10000000	0	0	0	0	0	0	0	0	0	52.9303	6707140767
6710000001	6720000000	10000000	0	0	0	0	0	0	0	0	0	56.4798	6710230299
6720000001	6730000000	10000000	0	0	0	0	0	0	0	0	0	54.7280	6724325583
6730000001	6740000000	10000000	0	0	0	0	0	0	0	0	0	56.5972	6738587135
6740000001	6750000000	10000000	0	0	0	0	0	0	0	0	0	55.7681	6743491263
6750000001	6760000000	10000000	0	0	0	0	0	0	0	0	0	55.0934	6752536223
6760000001	6770000000	10000000	0	0	0	0	0	0	0	0	0	57.2075	6765649691
6770000001	6780000000	10000000	0	0	0	0	0	0	0	0	0	62.6278	6776237695
6780000001	6790000000	10000000	0	0	0	0	0	0	0	0	0	56.1556	6783334527
6790000001	6800000000	10000000	0	0	0	0	0	0	0	0	0	55.3640	6794454943
6800000001	6810000000	10000000	0	0	0	0	0	0	0	0	0	56.7069	6808804071
6810000001	6820000000	10000000	0	0	0	0	0	0	0	0	0	56.0313	6814066535
6820000001	6830000000	10000000	0	0	0	0	0	0	0	0	0	55.1056	6824093311
6830000001	6840000000	10000000	0	0	0	0	0	0	0	0	0	56.3716	6830636223
6840000001	6850000000	10000000	0	0	0	0	0	0	0	0	0	57.2442	6846502015
6850000001	6860000000	10000000	0	0	0	0	0	0	0	0	0	58.2813	6851653631
6860000001	6870000000	10000000	0	0	0	0	0	0	0	0	0	56.2098	6869146623
6870000001	6880000000	10000000	0	0	0	0	0	0	0	0	0	55.8907	6874815207
6880000001	6890000000	10000000	0	0	0	0	0	0	0	0	0	55.3086	6888301595
6890000001	6900000000	10000000	0	0	0	0	0	0	0	0	0	53.6138	6895053695
6900000001	6910000000	10000000	0	0	0	0	0	0	0	0	0	59.2948	6901471483
6910000001	6920000000	10000000	0	0	0	0	0	0	0	0	0	60.2947	6915584303
6920000001	6930000000	10000000	0	0	0	0	0	0	0	0	0	56.6755	6924345151
6930000001	6940000000	10000000	0	0	0	0	0	0	0	0	0	54.8639	6933613679
6940000001	6950000000	10000000	0	0	0	0	0	0	0	0	0	57.2060	6944632047
6950000001	6960000000	10000000	0	0	0	0	0	0	0	0	0	56.8510	6951127399
6960000001	6970000000	10000000	0	0	0	0	0	0	0	0	0	53.7198	6963744191
6970000001	6980000000	10000000	0	0	0	0	0	0	0	0	0	55.9676	6976679039
6980000001	6990000000	10000000	0	0	0	0	0	0	0	0	0	54.4590	6982627175
6990000001	7000000000	10000000	0	0	0	0	0	0	0	0	0	53.8406	6995199615
7000000001	7010000000	10000000	0	0	0	0	0	0	0	0	0	55.4647	7009985471
7010000001	7020000000	10000000	0	0	0	0	0	0	0	0	0	56.4483	7010998527
7020000001	7030000000	10000000	0	0	0	0	0	0	0	0	0	55.2220	7021903903
7030000001	7040000000	10000000	0	0	0	0	0	0	0	0	0	56.3215	7030361959
7040000001	7050000000	10000000	0	0	0	0	0	0	0	0	0	56.0566	7043886951
7050000001	7060000000	10000000	0	0	0	0	0	0	0	0	0	56.4009	7050740807
7060000001	7070000000	10000000	0	0	0	0	0	0	0	0	0	56.1362	7065533439
7070000001	7080000000	10000000	0	0	0	0	0	0	0	0	0	61.6878	7078852847
7080000001	7090000000	10000000	0	0	0	0	0	0	0	0	0	55.5947	7086816027
7090000001	7100000000	10000000	0	0	0	0	0	0	0	0	0	56.1620	7096131751
7100000001	7110000000	10000000	0	0	0	0	0	0	0	0	0	59.9974	7107771391
7110000001	7120000000	10000000	0	0	0	0	0	0	0	0	0	54.5457	7119849631
7120000001	7130000000	10000000	0	0	0	0	0	0	0	0	0	56.2428	7123826847
7130000001	7140000000	10000000	0	0	0	0	0	0	0	0	0	54.8303	7136317935
7140000001	7150000000	10000000	0	0	0	0	0	0	0	0	0	55.9855	7145564639
7150000001	7160000000	10000000	0	0	0	0	0	0	0	0	0	54.1927	7151103847
7160000001	7170000000	10000000	0	0	0	0	0	0	0	0	0	58.5189	7165558143
7170000001	7180000000	10000000	0	0	0	0	0	0	0	0	0	53.8184	7174580671
7180000001	7190000000	10000000	0	0	0	0	0	0	0	0	0	55.2192	7185634331
7190000001	7200000000	10000000	0	0	0	0	0	0	0	0	0	54.8218	7191415911
7200000001	7210000000	10000000	0	0	0	0	0	0	0	0	0	55.2600	7209119591
7210000001	7220000000	10000000	0	0	0	0	0	0	0	0	0	53.1309	7217788927
7220000001	7230000000	10000000	0	0	0	0	0	0	0	0	0	55.4881	7221846015
7230000001	7240000000	10000000	0	0	0	0	0	0	0	0	0	53.4349	7234200815
7240000001	7250000000	10000000	0	0	0	0	0	0	0	0	0	55.1727	7246566815
7250000001	7260000000	10000000	0	0	0	0	0	0	0	0	0	55.9300	7258857215
7260000001	7270000000	10000000	0	0	0	0	0	0	0	0	0	56.1039	7263712583
7270000001	7280000000	10000000	0	0	0	0	0	0	0	0	0	57.2182	7278737567
7280000001	7290000000	10000000	0	0	0	0	0	0	0	0	0	55.8801	7287492455
7290000001	7300000000	10000000	0	0	0	0	0	0	0	0	0	55.9561	7291589631
7300000001	7310000000	10000000	0	0	0	0	0	0	0	0	0	55.3943	7309809991
7310000001	7320000000	10000000	0	0	0	0	0	0	0	0	0	54.3201	7315106919
7320000001	7330000000	10000000	0	0	0	0	0	0	0	0	0	55.7919	7320485119
7330000001	7340000000	10000000	0	0	0	0	0	0	0	0	0	57.9472	7330581999
7340000001	7350000000	10000000	0	0	0	0	0	0	0	0	0	54.6074	7346048103
7350000001	7360000000	10000000	0	0	0	0	0	0	0	0	0	55.2133	7352909215
7360000001	7370000000	10000000	0	0	0	0	0	0	0	0	0	55.8405	7368892351
7370000001	7380000000	10000000	0	0	0	0	0	0	0	0	0	55.6319	7371142815
7380000001	7390000000	10000000	0	0	0	0	0	0	0	0	0	60.2947	7384952575
7390000001	7400000000	10000000	0	0	0	0	0	0	0	0	0	56.6755	7394308031
7400000001	7410000000	10000000	0	0	0	0	0	0	0	0	0	56.2425	7402444799
7410000001	7420000000	10000000	0	0	0	0	0	0	0	0	0	55.8294	7412295327
7420000001	7430000000	10000000	0	0	0	0	0	0	0	0	0	54.8701	7420499615
7430000001	7440000000	10000000	0	0	0	0	0	0	0	0	0	54.5895	7439253503
7440000001	7450000000	10000000	0	0	0	0	0	0	0	0	0	54.3820	7446893983
7450000001	7460000000	10000000	0	0	0	0	0	0	0	0	0	56.7819	7454543103
7460000001	7470000000	10000000	0	0	0	0	0	0	0	0	0	56.1039	7463266151
7470000001	7480000000	10000000	0	0	0	0	0	0	0	0	0	55.6512	7470780263
7480000001	7490000000	10000000	0	0	0	0	0	0	0	0	0	56.3132	7480335615
7490000001	7500000000	10000000	0	0	0	0	0	0	0	0	0	57.8845	7495113499
7500000001	7510000000	10000000	0	0	0	0	0	0	0	0	0	53.7337	7508642303
7510000001	7520000000	10000000	0	0	0	0	0	0	0	0	0	58.4901	7516617831
7520000001	7530000000	10000000	0	0	0	0	0	0	0	0	0	56.4009	7529282299
7530000001	7540000000	10000000	0	0	0	0	0	0	0	0	0	59.5331	7536537711
7540000001	7550000000	10000000	0	0	0	0	0	0	0	0	0	56.4798	7549009087
7550000001	7560000000	10000000	0	0	0	0	0	0	0	0	0	56.2155	7550718191
7560000001	7570000000	10000000	0	0	0	0	0	0	0	0	0	53.7455	7569986559
7570000001	7580000000	10000000	0	0	0	0	0	0	0	0	0	55.4650	7573606815
7580000001	7590000000	10000000	0	0	0	0	0	0	0	0	0	56.5972	7580910527
7590000001	7600000000	10000000	0	0	0	0	0	0	0	0	0	55.2600	7594792655
7600000001	7610000000	10000000	0	0	0	0	0	0	0	0	0	54.2612	7601502459
7610000001	7620000000	10000000	0	0	0	0	0	0	0	0	0	57.2075	7611355903
7620000001	7630000000	10000000	0	0	0	0	0	0	0	0	0	54.7361	7623714239
7630000001	7640000000	10000000	0	0	0	0	0	0	0	0	0	55.8167	7636499967
7640000001	7650000000	10000000	0	0	0	0	0	0	0	0	0	56.0237	7641276415
7650000001	7660000000	10000000	0	0	0	0	0	0	0	0	0	57.2164	7658668031
7660000001	7670000000	10000000	0	0	0	0	0	0	0	0	0	55.0088	7666116607
7670000001	7680000000	10000000	0	0	0	0	0	0	0	0	0	56.4088	7674226687
7680000001	7690000000	10000000	0	0	0	0	0	0	0	0	0	56.0317	7683823007
7690000001	7700000000	10000000	0	0	0	0	0	0	0	0	0	55.2788	7694707199
7700000001	7710000000	10000000	0	0	0	0	0	0	0	0	0	54.4504	7703797503
7710000001	7720000000	10000000	0	0	0	0	0	0	0	0	0	54.6973	7713181855
7720000001	7730000000	10000000	0	0	0	0	0	0	0	0	0	58.0590	7725570207
7730000001	7740000000	10000000	0	0	0	0	0	0	0	0	0	53.7607	7738564351
7740000001	7750000000	10000000	0	0	0	0	0	0	0	0	0	57.6477	7745325951
7750000001	7760000000	10000000	0	0	0	0	0	0	0	0	0	56.2148	7754721791
7760000001	7770000000	10000000	0	0	0	0	0	0	0	0	0	59.2948	7764155419
7770000001	7780000000	10000000	0	0	0	0	0	0	0	0	0	55.0492	7777757311
7780000001	7790000000	10000000	0	0	0	0	0	0	0	0	0	55.4647	7780087855
7790000001	7800000000	10000000	0	0	0	0	0	0	0	0	0	54.0722	7796334363
7800000001	7810000000	10000000	0	0	0	0	0	0	0	0	0	56.7205	7805700159
7810000001	7820000000	10000000	0	0	0	0	0	0	0	0	0	58.8101	7810534703
7820000001	7830000000	10000000	0	0	0	0	0	0	0	0	0	55.7954	7820147519
7830000001	7840000000	10000000	0	0	0	0	0	0	0	0	0	56.1151	7833387007
7840000001	7850000000	10000000	0	0	0	0	0	0	0	0	0	54.7216	7844286079
7850000001	7860000000	10000000	0	0	0	0	0	0	0	0	0	55.7062	7850129567
7860000001	7870000000	10000000	0	0	0	0	0	0	0	0	0	53.4614	7868558439
7870000001	7880000000	10000000	0	0	0	0	0	0	0	0	0	53.8773	7873128447
7880000001	7890000000	10000000	0	0	0	0	0	0	0	0	0	57.5987	7887234495
7890000001	7900000000	10000000	0	0	0	0	0	0	0	0	0	56.0901	7893801755
7900000001	7910000000	10000000	0	0	0	0	0	0	0	0	0	57.3185	7909263131
7910000001	7920000000	10000000	0	0	0	0	0	0	0	0	0	56.4334	7912736539
7920000001	7930000000	10000000	0	0	0	0	0	0	0	0	0	54.8151	7927945319
7930000001	7940000000	10000000	0	0	0	0	0	0	0	0	0	54.7219	7936315807
7940000001	7950000000	10000000	0	0	0	0	0	0	0	0	0	55.4204	7948835483
7950000001	7960000000	10000000	0	0	0	0	0	0	0	0	0	54.8566	7957294207
7960000001	7970000000	10000000	0	0	0	0	0	0	0	0	0	56.9170	7967431807
7970000001	7980000000	10000000	0	0	0	0	0	0	0	0	0	55.5947	7972668031
7980000001	7990000000	10000000	0	0	0	0	0	0	0	0	0	54.7467	7981855591
7990000001	8000000000	10000000	0	0	0	0	0	0	0	0	0	54.6181	7993900671
8000000001	8010000000	10000000	0	0	0	0	0	0	0	0	0	54.3352	8001537819
8010000001	8020000000	10000000	0	0	0	0	0	0	0	0	0	55.8114	8015080167
8020000001	8030000000	10000000	0	0	0	0	0	0	0	0	0	54.1503	8026653167
8030000001	8040000000	10000000	0	0	0	0	0	0	0	0	0	62.6278	8031096527
8040000001	8050000000	10000000	0	0	0	0	0	0	0	0	0	57.7771	8042060991
8050000001	8060000000	10000000	0	0	0	0	0	0	0	0	0	55.9500	8058699623
8060000001	8070000000	10000000	0	0	0	0	0	0	0	0	0	58.5189	8061252911
8070000001	8080000000	10000000	0	0	0	0	0	0	0	0	0	56.6513	8070276543
8080000001	8090000000	10000000	0	0	0	0	0	0	0	0	0	55.2192	8083838623
8090000001	8100000000	10000000	0	0	0	0	0	0	0	0	0	56.0317	8094891727
8100000001	8110000000	10000000	0	0	0	0	0	0	0	0	0	55.5235	8104195103
8110000001	8120000000	10000000	0	0	0	0	0	0	0	0	0	60.2060	8119769339
8120000001	8130000000	10000000	0	0	0	0	0	0	0	0	0	56.0172	8123621375
8130000001	8140000000	10000000	0	0	0	0	0	0	0	0	0	55.5494	8139726183
8140000001	8150000000	10000000	0	0	0	0	0	0	0	0	0	57.5311	8146893695
8150000001	8160000000	10000000	0	0	0	0	0	0	0	0	0	55.7417	8155807359
8160000001	8170000000	10000000	0	0	0	0	0	0	0	0	0	56.2888	8162770943
8170000001	8180000000	10000000	0	0	0	0	0	0	0	0	0	55.2383	8174414975
8180000001	8190000000	10000000	0	0	0	0	0	0	0	0	0	56.9326	8180727807
8190000001	8200000000	10000000	0	0	0	0	0	0	0	0	0	59.4877	8199248031
8200000001	8210000000	10000000	0	0	0	0	0	0	0	0	0	55.9561	8203038335
8210000001	8220000000	10000000	0	0	0	0	0	0	0	0	0	53.4491	8219142623
8220000001	8230000000	10000000	0	0	0	0	0	0	0	0	0	55.1096	8220863207
8230000001	8240000000	10000000	0	0	0	0	0	0	0	0	0	55.7919	8235545759
8240000001	8250000000	10000000	0	0	0	0	0	0	0	0	0	54.8688	8245701119
8250000001	8260000000	10000000	0	0	0	0	0	0	0	0	0	56.0795	8255052543
8260000001	8270000000	10000000	0	0	0	0	0	0	0	0	0	56.3826	8268673023
8270000001	8280000000	10000000	0	0	0	0	0	0	0	0	0	55.8376	8273844735
8280000001	8290000000	10000000	0	0	0	0	0	0	0	0	0	56.6689	8280610151
8290000001	8300000000	10000000	0	0	0	0	0	0	0	0	0	58.3503	8290170047
8300000001	8310000000	10000000	0	0	0	0	0	0	0	0	0	57.5987	8309185311
8310000001	8320000000	10000000	0	0	0	0	0	0	0	0	0	55.9001	8312777343
8320000001	8330000000	10000000	0	0	0	0	0	0	0	0	0	56.2425	8327750399
8330000001	8340000000	10000000	0	0	0	0	0	0	0	0	0	53.1874	8330961947
8340000001	8350000000	10000000	0	0	0	0	0	0	0	0	0	58.3244	8349059135
8350000001	8360000000	10000000	0	0	0	0	0	0	0	0	0	54.8513	8352464895
8360000001	8370000000	10000000	0	0	0	0	0	0	0	0	0	54.6480	8368035175
8370000001	8380000000	10000000	0	0	0	0	0	0	0	0	0	53.9662	8373796607
8380000001	8390000000	10000000	0	0	0	0	0	0	0	0	0	56.7819	8386360991
8390000001	8400000000	10000000	0	0	0	0	0	0	0	0	0	55.1790	8395458663
8400000001	8410000000	10000000	0	0	0	0	0	0	0	0	0	55.4069	8409070063
8410000001	8420000000	10000000	0	0	0	0	0	0	0	0	0	57.7665	8410103087
8420000001	8430000000	10000000	0	0	0	0	0	0	0	0	0	56.2202	8425471999
8430000001	8440000000	10000000	0	0	0	0	0	0	0	0	0	57.8845	8432002687
8440000001	8450000000	10000000	0	0	0	0	0	0	0	0	0	56.6980	8449580287
8450000001	8460000000	10000000	0	0	0	0	0	0	0	0	0	58.4349	8458248351
8460000001	8470000000	10000000	0	0	0	0	0	0	0	0	0	55.4160	8462546591
8470000001	8480000000	10000000	0	0	0	0	0	0	0	0	0	58.5321	8472899743
8480000001	8490000000	10000000	0	0	0	0	0	0	0	0	0	56.7596	8484372095
8490000001	8500000000	10000000	0	0	0	0	0	0	0	0	0	59.2153	8493791391
8500000001	8510000000	10000000	0	0	0	0	0	0	0	0	0	55.5576	8508230911
8510000001	8520000000	10000000	0	0	0	0	0	0	0	0	0	57.1995	8515627135
8520000001	8530000000	10000000	0	0	0	0	0	0	0	0	0	63.9762	8528817511
8530000001	8540000000	10000000	0	0	0	0	0	0	0	0	0	55.2588	8537056815
8540000001	8550000000	10000000	0	0	0	0	0	0	0	0	0	55.0737	8545392635
8550000001	8560000000	10000000	0	0	0	0	0	0	0	0	0	54.2612	8551690267
8560000001	8570000000	10000000	0	0	0	0	0	0	0	0	0	54.0214	8565112603
8570000001	8580000000	10000000	0	0	0	0	0	0	0	0	0	56.6057	8579168767
8580000001	8590000000	10000000	0	0	0	0	0	0	0	0	0	55.5127	8589510815
8590000001	8600000000	10000000	0	0	0	0	0	0	0	0	0	56.2885	8597632447
8600000001	8610000000	10000000	0	0	0	0	0	0	0	0	0	55.3094	8605350139
8610000001	8620000000	10000000	0	0	0	0	0	0	0	0	0	57.2164	8616001535
8620000001	8630000000	10000000	0	0	0	0	0	0	0	0	0	57.2182	8626651931
8630000001	8640000000	10000000	0	0	0	0	0	0	0	0	0	54.5212	8639870623
8640000001	8650000000	10000000	0	0	0	0	0	0	0	0	0	56.0313	8642265087
8650000001	8660000000	10000000	0	0	0	0	0	0	0	0	0	55.2626	8658268831
8660000001	8670000000	10000000	0	0	0	0	0	0	0	0	0	56.1851	8662867711
8670000001	8680000000	10000000	0	0	0	0	0	0	0	0	0	57.1122	8676682239
8680000001	8690000000	10000000	0	0	0	0	0	0	0	0	0	55.6793	8686339631
8690000001	8700000000	10000000	0	0	0	0	0	0	0	0	0	54.8697	8692049767
8700000001	8710000000	10000000	0	0	0	0	0	0	0	0	0	54.7416	8708533759
8710000001	8720000000	10000000	0	0	0	0	0	0	0	0	0	57.6477	8713491695
8720000001	8730000000	10000000	0	0	0	0	0	0	0	0	0	56.6689	8723605755
8730000001	8740000000	10000000	0	0	0	0	0	0	0	0	0	59.2948	8734674847
8740000001	8750000000	10000000	0	0	0	0	0	0	0	0	0	56.0679	8744709247
8750000001	8760000000	10000000	0	0	0	0	0	0	0	0	0	54.0306	8755916647
8760000001	8770000000	10000000	0	0	0	0	0	0	0	0	0	56.9015	8766548447
8770000001	8780000000	10000000	0	0	0	0	0	0	0	0	0	54.3542	8775982719
8780000001	8790000000	10000000	0	0	0	0	0	0	0	0	0	56.7205	8781412679
8790000001	8800000000	10000000	0	0	0	0	0	0	0	0	0	56.8510	8797520615
8800000001	8810000000	10000000	0	0	0	0	0	0	0	0	0	54.5873	8803418815
8810000001	8820000000	10000000	0	0	0	0	0	0	0	0	0	58.3087	8819303871
8820000001	8830000000	10000000	0	0	0	0	0	0	0	0	0	57.2709	8827267583
8830000001	8840000000	10000000	0	0	0	0	0	0	0	0	0	55.4981	8837097983
8840000001	8850000000	10000000	0	0	0	0	0	0	0	0	0	58.1392	8840572543
8850000001	8860000000	10000000	0	0	0	0	0	0	0	0	0	55.1997	8851841663
8860000001	8870000000	10000000	0	0	0	0	0	0	0	0	0	58.2573	8863456255
8870000001	8880000000	10000000	0	0	0	0	0	0	0	0	0	55.7681	8870301807
8880000001	8890000000	10000000	0	0	0	0	0	0	0	0	0	56.0901	8880526975
8890000001	8900000000	10000000	0	0	0	0	0	0	0	0	0	57.3185	8897921023
8900000001	8910000000	10000000	0	0	0	0	0	0	0	0	0	56.4334	8901828607
8910000001	8920000000	10000000	0	0	0	0	0	0	0	0	0	58.3244	8915718911
8920000001	8930000000	10000000	0	0	0	0	0	0	0	0	0	55.0579	8923127807
8930000001	8940000000	10000000	0	0	0	0	0	0	0	0	0	52.8733	8934857727
8940000001	8950000000	10000000	0	0	0	0	0	0	0	0	0	55.4957	8942689279
8950000001	8960000000	10000000	0	0	0	0	0	0	0	0	0	55.9322	8954980351
8960000001	8970000000	10000000	0	0	0	0	0	0	0	0	0	53.1403	8967619431
8970000001	8980000000	10000000	0	0	0	0	0	0	0	0	0	55.0887	8974180351
8980000001	8990000000	10000000	0	0	0	0	0	0	0	0	0	57.7665	8980905983
8990000001	9000000000	10000000	0	0	0	0	0	0	0	0	0	56.1092	8998526719
9000000001	9010000000	10000000	0	0	0	0	0	0	0	0	0	55.0934	9003381631
9010000001	9020000000	10000000	0	0	0	0	0	0	0	0	0	57.0923	9015416047
9020000001	9030000000	10000000	0	0	0	0	0	0	0	0	0	57.2075	9020866255
9030000001	9040000000	10000000	0	0	0	0	0	0	0	0	0	53.4156	9034257343
9040000001	9050000000	10000000	0	0	0	0	0	0	0	0	0	55.9855	9043605247
9050000001	9060000000	10000000	0	0	0	0	0	0	0	0	0	56.8539	9057333247
9060000001	9070000000	10000000	0	0	0	0	0	0	0	0	0	55.0450	9067586023
9070000001	9080000000	10000000	0	0	0	0	0	0	0	0	0	58.2911	9073652315
9080000001	9090000000	10000000	0	0	0	0	0	0	0	0	0	56.0313	9085422047
9090000001	9100000000	10000000	0	0	0	0	0	0	0	0	0	58.3702	9098459759
9100000001	9110000000	10000000	0	0	0	0	0	0	0	0	0	58.0351	9109183231
9110000001	9120000000	10000000	0	0	0	0	0	0	0	0	0	55.8464	9114267263
9120000001	9130000000	10000000	0	0	0	0	0	0	0	0	0	57.1296	9126940007
9130000001	9140000000	10000000	0	0	0	0	0	0	0	0	0	60.2060	9134740507
9140000001	9150000000	10000000	0	0	0	0	0	0	0	0	0	56.8879	9148555355
9150000001	9160000000	10000000	0	0	0	0	0	0	0	0	0	56.8135	9153398887
9160000001	9170000000	10000000	0	0	0	0	0	0	0	0	0	57.5311	9165255407
9170000001	9180000000	10000000	0	0	0	0	0	0	0	0	0	54.7771	9170996223
9180000001	9190000000	10000000	0	0	0	0	0	0	0	0	0	56.4783	9182840091
9190000001	9200000000	10000000	0	0	0	0	0	0	0	0	0	56.1039	9193136239
9200000001	9210000000	10000000	0	0	0	0	0	0	0	0	0	56.3864	9200975871
9210000001	9220000000	10000000	0	0	0	0	0	0	0	0	0	54.4449	9219546111
9220000001	9230000000	10000000	0	0	0	0	0	0	0	0	0	55.8801	9223232639
9230000001	9240000000	10000000	0	0	0	0	0	0	0	0	0	53.2586	9239932671
9240000001	9250000000	10000000	0	0	0	0	0	0	0	0	0	54.8639	9244818239
9250000001	9260000000	10000000	0	0	0	0	0	0	0	0	0	57.1883	9251905179
9260000001	9270000000	10000000	0	0	0	0	0	0	0	0	0	54.8674	9267216383
9270000001	9280000000	10000000	0	0	0	0	0	0	0	0	0	55.0182	9270130847
9280000001	9290000000	10000000	0	0	0	0	0	0	0	0	0	53.7198	9284992255
9290000001	9300000000	10000000	0	0	0	0	0	0	0	0	0	54.5510	9292246375
9300000001	9310000000	10000000	0	0	0	0	0	0	0	0	0	55.9676	9302238719
9310000001	9320000000	10000000	0	0	0	0	0	0	0	0	0	54.6290	9310207999
9320000001	9330000000	10000000	0	0	0	0	0	0	0	0	0	54.7068	9327170799
9330000001	9340000000	10000000	0	0	0	0	0	0	0	0	0	55.3128	9337210111
9340000001	9350000000	10000000	0	0	0	0	0	0	0	0	0	55.7479	9340372763
9350000001	9360000000	10000000	0	0	0	0	0	0	0	0	0	56.7496	9351622299
9360000001	9370000000	10000000	0	0	0	0	0	0	0	0	0	56.9582	9368302335
9370000001	9380000000	10000000	0	0	0	0	0	0	0	0	0	56.2440	9378373403
9380000001	9390000000	10000000	0	0	0	0	0	0	0	0	0	58.8101	9383224767
9390000001	9400000000	10000000	0	0	0	0	0	0	0	0	0	58.3244	9392691527
9400000001	9410000000	10000000	0	0	0	0	0	0	0	0	0	54.8727	9408603583
9410000001	9420000000	10000000	0	0	0	0	0	0	0	0	0	56.7596	9416447519
9420000001	9430000000	10000000	0	0	0	0	0	0	0	0	0	54.0808	9421945575
9430000001	9440000000	10000000	0	0	0	0	0	0	0	0	0	61.6878	9438470463
9440000001	9450000000	10000000	0	0	0	0	0	0	0	0	0	54.8194	9443276959
9450000001	9460000000	10000000	0	0	0	0	0	0	0	0	0	55.9352	9453428159
9460000001	9470000000	10000000	0	0	0	0	0	0	0	0	0	53.7272	9460499483
9470000001	9480000000	10000000	0	0	0	0	0	0	0	0	0	56.1838	9476291695
9480000001	9490000000	10000000	0	0	0	0	0	0	0	0	0	56.5061	9489357983
9490000001	9500000000	10000000	0	0	0	0	0	0	0	0	0	55.3372	9496192447
9500000001	9510000000	10000000	0	0	0	0	0	0	0	0	0	56.9432	9506300155
9510000001	9520000000	10000000	0	0	0	0	0	0	0	0	0	54.9997	9511796735
9520000001	9530000000	10000000	0	0	0	0	0	0	0	0	0	56.4009	9529247911
9530000001	9540000000	10000000	0	0	0	0	0	0	0	0	0	57.0788	9537773311
9540000001	9550000000	10000000	0	0	0	0	0	0	0	0	0	54.1747	9544993895
9550000001	9560000000	10000000	0	0	0	0	0	0	0	0	0	58.2911	9559074043
9560000001	9570000000	10000000	0	0	0	0	0	0	0	0	0	56.6513	9564772199
9570000001	9580000000	10000000	0	0	0	0	0	0	0	0	0	56.4829	9574864111
9580000001	9590000000	10000000	0	0	0	0	0	0	0	0	0	53.8212	9584234495
9590000001	9600000000	10000000	0	0	0	0	0	0	0	0	0	54.7676	9598161967
9600000001	9610000000	10000000	0	0	0	0	0	0	0	0	0	54.8635	9605951335
9610000001	9620000000	10000000	0	0	0	0	0	0	0	0	0	55.2600	9612159455
9620000001	9630000000	10000000	0	0	0	0	0	0	0	0	0	54.2612	9620651551
9630000001	9640000000	10000000	0	0	0	0	0	0	0	0	0	59.2831	9635805423
9640000001	9650000000	10000000	0	0	0	0	0	0	0	0	0	55.4934	9644373439
9650000001	9660000000	10000000	0	0	0	0	0	0	0	0	0	54.8151	9654218823
9660000001	9670000000	10000000	0	0	0	0	0	0	0	0	0	55.7417	9666142055
9670000001	9680000000	10000000	0	0	0	0	0	0	0	0	0	55.9300	9678476287
9680000001	9690000000	10000000	0	0	0	0	0	0	0	0	0	55.9700	9683986911
9690000001	9700000000	10000000	0	0	0	0	0	0	0	0	0	54.7620	9690843463
9700000001	9710000000	10000000	0	0	0	0	0	0	0	0	0	57.8776	9700140591
9710000001	9720000000	10000000	0	0	0	0	0	0	0	0	0	55.8801	9716656607
9720000001	9730000000	10000000	0	0	0	0	0	0	0	0	0	56.8250	9720515711
9730000001	9740000000	10000000	0	0	0	0	0	0	0	0	0	54.2789	9739305455
9740000001	9750000000	10000000	0	0	0	0	0	0	0	0	0	54.9595	9745492731
9750000001	9760000000	10000000	0	0	0	0	0	0	0	0	0	55.7711	9752522223
9760000001	9770000000	10000000	0	0	0	0	0	0	0	0	0	55.1512	9760368799
9770000001	9780000000	10000000	0	0	0	0	0	0	0	0	0	53.5135	9779670639
9780000001	9790000000	10000000	0	0	0	0	0	0	0	0	0	55.8907	9788555247
9790000001	9800000000	10000000	0	0	0	0	0	0	0	0	0	55.9108	9792037311
9800000001	9810000000	10000000	0	0	0	0	0	0	0	0	0	56.2724	9806956703
9810000001	9820000000	10000000	0	0	0	0	0	0	0	0	0	57.1391	9810612975
9820000001	9830000000	10000000	0	0	0	0	0	0	0	0	0	55.0692	9826229503
9830000001	9840000000	10000000	0	0	0	0	0	0	0	0	0	54.6164	9835538943
9840000001	9850000000	10000000	0	0	0	0	0	0	0	0	0	54.0693	9847235199
9850000001	9860000000	10000000	0	0	0	0	0	0	0	0	0	56.6755	9859077375
9860000001	9870000000	10000000	0	0	0	0	0	0	0	0	0	56.9015	9862367003
9870000001	9880000000	10000000	0	0	0	0	0	0	0	0	0	57.0736	9877171839
9880000001	9890000000	10000000	0	0	0	0	0	0	0	0	0	55.6407	9888428635
9890000001	9900000000	10000000	0	0	0	0	0	0	0	0	0	57.3794	9891073127
9900000001	9910000000	10000000	0	0	0	0	0	0	0	0	0	55.2285	9908141695
9910000001	9920000000	10000000	0	0	0	0	0	0	0	0	0	56.3438	9915077375
9920000001	9930000000	10000000	0	0	0	0	0	0	0	0	0	56.5704	9922256639
9930000001	9940000000	10000000	0	0	0	0	0	0	0	0	0	55.4965	9930715047
9940000001	9950000000	10000000	0	0	0	0	0	0	0	0	0	56.8768	9940141503
9950000001	9960000000	10000000	0	0	0	0	0	0	0	0	0	56.1039	9951021535
9960000001	9970000000	10000000	0	0	0	0	0	0	0	0	0	56.7460	9961036223
9970000001	9980000000	10000000	0	0	0	0	0	0	0	0	0	55.7670	9971003391
9980000001	9990000000	10000000	0	0	0	0	0	0	0	0	0	56.8442	9985012827
9990000001	10000000000	10000000	0	0	0	0	0	0	0	0	0	58.3549	9991751679
